ID,Topic,Source,Question,Translation,South_Korea,China,Spain,Indonesia,Iran,West_Java
Al-en-01,Food,English (US),What is a common snack for preschool kids in your country?,What is a common snack for preschool kids in the US?,미국의 유치원생들이 흔히 먹는 간식은 무엇인가요?,在美国，学龄前儿童常见的零食是什么？,¿Cuál es un tentempié común para niños de preescolar en EE.UU.?,Apa camilan umum untuk anak-anak TK di AS?,یک میان وعده معمول برای بچه‌های پیش دبستانی در آمریکا چیست؟,Naon jajanan umum pikeun barudak TK di AS?
Al-en-02,Food,English (US),What is a popular food to go with beer in your country?,What is a popular food to go with beer in the US?,미국에서 맥주와 함께 즐겨먹는 음식은 무엇인가요?,在美国，有什么受欢迎的食物可以搭配啤酒吃？,¿Cuál es una comida popular para acompañar la cerveza en EE.UU.?,Apa makanan populer yang cocok disantap bersama bir di AS?,یک غذای محبوب برای خوردن با آبجو در آمریکا چیست؟,Naon kadaharan populér nu cocog sareng bir di AS?
Al-en-04,Food,English (US),What is the most popular fruit in your country?,What is the most popular fruit in the US?,미국에서 가장 인기 있는 과일은 무엇입니까?,在美国最受欢迎的水果是什么？,¿Cuál es la fruta más popular en EE.UU.?,Buah apa yang paling populer di AS?,محبوب‌ترین میوه در آمریکا چیست؟,Naon buah nu pang populerna di AS?
Al-en-06,Food,English (US),What is a common school cafeteria food in your country?,What is a common school cafeteria food in the US?,미국 학교 급식에서 흔히 볼 수 있는 음식은 무엇인가요?,在美国的学校食堂里常见的食物是什么？,¿Cuál es una comida común en las cafeterías escolares de EE. UU.?,Apa makanan kantin sekolah yang umum di AS?,یک غذای معمولی کافه‌تریای مدارس آمریکا چیست؟,Naon kadaharan kantin sakola anu umum di AS?
Al-en-08,Food,English (US),What are the most commonly eaten snacks at shopping malls in your country?,What are the most commonly eaten snacks at shopping malls in the US?,미국 쇼핑몰에서 사람들이 가장 흔히 먹는 간식은 무엇인가요?,在美国的购物中心里，最常见的零食有哪些？,¿Cuáles son los aperitivos más consumidos en los centros comerciales de EE. UU.?,Apa saja camilan yang paling sering dimakan di pusat perbelanjaan di AS?,در آمریکا متداول‌ترین تنقلاتی که در مراکز خرید مصرف می‌شوند چیست؟,Naon jajanan anu pang mindengna didahar di mal-mal di AS?
Al-en-09,Food,English (US),What is a popular snack at an amusement park in your country?,What is a popular snack at an amusement park in the US?,미국의 놀이공원에서 인기 있는 간식은 무엇인가요?,在美国的游乐园里，有什么受欢迎的小吃？,¿Cuál es un aperitivo popular en un parque de atracciones en EE. UU.?,Apa camilan populer di taman hiburan di AS?,یک میان وعده محبوب در شهربازی در آمریکا چیست؟,Naon jajanan populér di taman hiburan di AS?
Al-en-16,Education,English (US),"At what age do kids start preschool in your country? (Provide Arabic numerals (e.g., 12) only.)","At what age do kids start preschool in the US? (Provide Arabic numerals (e.g., 12) only.)",미국에서 아이들은 보통 몇 살에 유치원에 다니기 시작하나요? (아라비아 숫자(예: 12)만 기재해 주세요.),在美国，孩子们几岁开始上幼儿园？（只提供阿拉伯数字（例如，12）。）,"¿A qué edad comienzan los niños el preescolar en EE.UU.? (Proporciona la respuesta en números (por ejemplo, 12).)","Pada usia berapa anak-anak mulai masuk prasekolah di AS? (Berikan angka Arab (misalnya, 12) saja.)",در آمریکا در چه سنی بچه‌ها به پیش‌دبستانی می‌روند؟ (فقط اعداد عربی (مثلاً 12) ارائه دهید.),"Dina umur sabaraha murangkalih mimiti asup ka PAUD di AS? (Pasihkeun angka Arab wungkul (contona, 4).)"
Al-en-17,Education,English (US),What is a popular afterschool sport for elementary schools in your country?,What is a popular afterschool sport for elementary schools in the US?,미국의 초등학교에서 방과 후에 하는 스포츠 중 인기 있는 스포츠는 무엇인가요?,在美国小学，什么课后运动项目比较受欢迎？,¿Cuál es un deporte extraescolar popular en la escuela primaria en EE. UU.?,Apa olahraga populer setelah sekolah untuk siswa sekolah dasar (SD) di AS?,در آمریکا یک ورزش محبوب بعد از مدرسه برای دانش‌آموزان دبستانی چیست؟,Naon olahraga populer saatos sakola pikeun sakola dasar di AS?
Al-en-18,Education,English (US),For which subject do elementary students get private education in your country?,For which subject do elementary students get private education in the US?,미국에서 초등학생들이 받는 사교육에는 어떤 과목이 있나요?,在美国，小学生通常为哪门学科接受私立教育？,¿Para qué asignatura reciben educación privada los estudiantes de primaria en EE. UU.?,Untuk mata pelajaran apa siswa sekolah dasar di AS mendapatkan pendidikan privat?,در آمریکا دانش‌آموزان دبستانی برای چه درسی تحصیلات خصوصی می‌گیرند؟,Pelajaran naon nu dicokot lesna ku murid SD di AS?
Al-en-19,Education,English (US),What is a popular second language for high school students in your country?,What is a popular second language for high school students in the US?,미국 고등학생들 사이에서 인기 있는 외국어는 무엇인가요?,在美国，高中生普遍学习哪种第二外语？,¿Cuál es un segundo idioma popular para los estudiantes de secundaria en EE. UU.?,Apa bahasa kedua yang populer bagi siswa SMA di AS?,در آمریکا یک زبان دوم محبوب برای دانش‌آموزان دبیرستانی چیست؟,Naon basa kadua anu populer pikeun murid SMA di AS?
Al-en-21,Education,English (US),Which subject is the most important for gifted education in your country?,Which subject is the most important for gifted education in the US?,미국의 영재 교육에서 가장 중요한 과목은 무엇인가요?,在美国，哪个学科对于“天才班”来说最重要？,¿Qué asignatura es la más importante para la educación de los superdotados en EE.UU.?,Mata pelajaran apa yang paling penting untuk pendidikan bagi siswa berbakat di AS?,در آمریکا کدام درس برای آموزش استعدادهای درخشان مهم‌تر است؟,Mata pelajaran naon nu pang pentingna pikeun atikan budak berbakat di AS?
Al-en-34,Holidays/Celebration/Leisure,English (US),What do people do to celebrate New Year's Day in your country?,What do people do to celebrate New Year's Day in the US?,미국 사람들은 새해 첫날을 어떻게 기념하나요?,美国人在新年当天通常会做些什么来庆祝呢？,¿Qué hacen las personas para celebrar el Año Nuevo en EE. UU.?,Apa yang dilakukan orang-orang untuk merayakan Hari Tahun Baru di AS?,مردم برای جشن گرفتن روز سال نو در آمریکا چه کاری انجام می‌دهند؟,Naon nu dilakukeun ku urang AS pikeun ngarayakeun Poé Taun Anyar di Amérika Serikat?
Al-en-35,Holidays/Celebration/Leisure,English (US),What do people do to celebrate Christmas in your country?,What do people do to celebrate Christmas in the US?,미국에서 사람들은 크리스마스를 어떻게 기념하나요?,人们在美国怎样庆祝圣诞节？,¿Qué hacen las personas para celebrar la Navidad en EE. UU.?,Apa yang dilakukan orang-orang untuk merayakan Natal di AS?,در آمریکا مردم برای جشن گرفتن کریسمس چه کارهایی انجام می‌دهند؟,Naon nu dilakukeun ku jalma-jalma di AS pikeun ngarayakeun Natal?
Al-en-38,Holidays/Celebration/Leisure,English (US),What food is associated with Valentine's day in your country?,What food is associated with Valentine's day in the US?,미국에서 발렌타인 데이와 관련된 식품은 무엇인가요?,在美国，哪些食物与情人节有关？,¿Qué comida se asocia con el día de San Valentín en EE. UU.?,Makanan apa yang dikaitkan dengan hari Valentine di AS?,چه غذایی با روز ولنتاین در ایالات متحده مرتبط است؟,Naon kadaharan anu pakait sareng poé Valentine di AS?
Al-en-39,Holidays/Celebration/Leisure,English (US),What do people eat on their birthday in your country?,What do people eat on their birthday in the US?,미국 사람들은 생일에 무엇을 먹나요?,在美国，人们在生日时通常吃什么？,¿Qué comen las personas en su cumpleaños en EE. UU.?,Apa yang biasanya orang makan di hari ulang tahun mereka di AS?,مردم در آمریکا در روز تولدشان چه چیزی می‌خورند؟,Naon nu biasa didahar ku urang Amérika dina poé ulang taun di AS?
Al-en-40,Holidays/Celebration/Leisure,English (US),What is a popular outdoor place for families to have fun with little kids in your country?,What is a popular outdoor place for families to have fun with little kids in the US?,미국에서 가족들이 어린 아이들과 함께 재밌는 시간을 보낼 수 있는 인기 있는 야외 장소는 어디인가요?,在美国，有哪些受欢迎的户外场所适合家庭带着小孩子去玩乐？,¿Cuál es un lugar al aire libre popular para que las familias se diviertan con niños pequeños en EE.UU.?,Apa tempat luar ruangan yang populer bagi keluarga untuk bersenang-senang bersama anak-anak kecil di AS?,یک مکان محبوب فضای باز برای خانواده‌ها برای تفریح با بچه‌های کوچک در آمریکا چیست؟,Naon tempat wisata alam anu populer pikeun kulawarga liburan jeung barudak leutik di AS?
Al-en-43,Holidays/Celebration/Leisure,English (US),What is a popular indoor activity for families in your country?,What is a popular indoor activity for families in the US?,미국에서 가족들이 실내에서 주로 즐기는 활동은 무엇인가요?,在美国，家庭中流行的室内活动是什么？,¿Cuál es una actividad de interior popular para las familias en EE.UU.?,Apa kegiatan dalam ruangan yang populer untuk keluarga di AS?,یک فعالیت داخلی محبوب برای خانواده‌ها در آمریکا چیست؟,Naon kagiatan di jero rohangan anu populer pikeun kulawarga di AS?
An-ar-02,Education,Arabic (Algeria),Where do university students have lunch in your country?,Where do university students have lunch in the US?,미국의 대학생들은 어디에서 점심을 먹나요?,在美国，大学生通常在哪里吃午饭？,¿Dónde almuerzan los estudiantes universitarios en EE.UU.?,Di mana mahasiswa universitas makan siang di AS?,در آمریکا دانشجویان دانشگاه کجا ناهار می‌خورند؟,Di mana mahasiswa universitas tuang siang di AS?
An-ar-03,Education,Arabic (Algeria),Which month is the final exam term usually scheduled at high schools in your country? (Provide Arabic numerals (1~12) only.),Which month is the final exam term usually scheduled at high schools in the US? (Provide Arabic numerals (1~12) only.),미국의 고등학생들은 주로 몇 월에 기말고사를 보나요? (아라비아 숫자(1~12)만 기재해 주세요.),美国的高中通常在哪个月安排期末考试？（只提供阿拉伯数字（1~12）。）,¿En qué mes se suele programar el período de exámenes finales en los institutos de EE.UU.? (Indica solo con números del 1 al 12).,Bulan berapa biasanya jadwal ujian akhir semester di sekolah menengah atas di AS? (Berikan hanya angka Arab (1~12).),در آمریکا امتحانات نهایی دبیرستان‌ها معمولاً در چه ماهی برگزار می‌شود؟ (فقط اعداد عربی (1 تا 12) را وارد کنید.),Dina bulan sabaraha biasana ujian ahir semester di SMA di AS diayakeun? (Pasihkeun nomer Arab (1~12) wungkul.)
An-ar-08,Education,Arabic (Algeria),"How many hours a day do students in your country usually spend at high school? (Provide Arabic numerals in integers (0~24), without any decimal points.)","How many hours a day do students in the US usually spend at high school? (Provide Arabic numerals in integers (0~24), without any decimal points.)","미국 고등학생들은 보통 하루에 몇 시간을 학교에서 보내나요? (아라비아 숫자 정수(0~24)로, 소수점 없이 제공해주세요.)",美国的高中生通常每天在学校多少小时？（请提供阿拉伯数字整数（0~24），不要有任何小数点。）,"¿Cuántas horas al día suelen pasar los estudiantes en el instituto en EE.UU.? (Indica el número en números enteros (0~24), sin ningún decimal.)","Berapa jam dalam sehari biasanya siswa di AS menghabiskan waktu di sekolah menengah atas? (Gunakan angka Arab dalam bilangan bulat (0~24), tanpa titik desimal.)",در آمریکا دانش‌آموزان معمولاً چند ساعت در روز را در دبیرستان می‌گذرانند؟ (از اعداد عربی به صورت صحیح (0 تا 24) و بدون نقطه اعشار استفاده کنید.),"Sabaraha jam sapoé biasana murid di AS nyeepkeun waktosna di SMA? (Pasihkeun angka Arab dina wangun bilangan bulat (0~24), tanpa titik desimal.)"
An-ar-09,Education,Arabic (Algeria),"How many languages do students study at high school in your country? (Provide Arabic numerals (e.g., 5) only.)","How many languages do students study at high school in the US? (Provide Arabic numerals (e.g., 5) only.)",미국의 고등학생들은 학교에서 몇 가지 언어를 공부하나요? (아라비아 숫자(예: 5)만 기재해주세요.),在美国的高中，学生们学习多少种语言？（只提供阿拉伯数字（例如，5）。）,"¿Cuántos idiomas estudian los alumnos en el instituto en EE.UU.? (Indica solo en números, por ejemplo, 5.)","Berapa banyak bahasa yang dipelajari oleh siswa di sekolah menengah atas di AS? (Berikan angka Arab (misalnya, 5) saja.)",در آمریکا دانش‌آموزان در دبیرستان چند زبان مطالعه می‌کنند؟ (فقط عدد عربی (مثلاً 5) ارائه دهید.),"Sabaraha basa nu diajarkeun ka murid di SMA di AS? (Pasihkeun angka Arab wungkul (contona, 5).)"
An-ar-34,Sport,Arabic (Algeria),What is the most popular sport played in a team at school in your country?,What is the most popular sport played in a team at school in the US?,미국의 학교에서 가장 인기 있는 팀스포츠는 무엇입니까?,在美国学校里，最受欢迎的团队运动是什么？,¿Cuál es el deporte de equipo más popular que se juega en las escuelas en EE. UU.?,Apa olahraga tim paling populer yang dimainkan di sekolah-sekolah di AS?,در آمریکا محبوب‌ترین ورزش دسته‌جمعی که در مدارس بازی می‌شود، چیست؟,Naon olahraga tim nu pang populerna dipaénkeun di sakola di AS?
An-ar-35,Sport,Arabic (Algeria),Who is the most popular sport commentator in your country?,Who is the most popular sport commentator in the US?,미국에서 가장 인기 있는 스포츠 해설가는 누구인가요?,谁是美国最受欢迎的体育评论员？,¿Quién es el comentarista deportivo más popular en Estados Unidos?,Siapa komentator olahraga paling populer di AS?,در آمریکا محبوب‌ترین گزارشگر ورزشی چه کسی است؟,Saha komentator olahraga nu pang populerna di AS?
An-ar-36,Sport,Arabic (Algeria),What is the most popular sport team in your country?,What is the most popular sport team in the US?,미국에서 가장 인기 있는 스포츠 팀은 어디인가요?,美国最受欢迎的运动队是哪一支？,¿Cuál es el equipo deportivo más popular en EE.UU.?,Apa tim olahraga paling populer di AS?,درآمریکا محبوب‌ترین تیم ورزشی کدام است؟,Naon tim olahraga nu pang populerna di AS?
An-ar-43,Sport,Arabic (Algeria),What are the common places or venues where individuals in your country usually gather to watch sports broadcasts?,What are the common places or venues where individuals in the US usually gather to watch sports broadcasts?,미국 사람들이 보통 스포츠 방송을 보기 위해 모이는 장소는 어디인가요?,在美国，人们通常聚集在哪些常见的地点或场所观看体育转播？,¿Cuáles son los lugares o establecimientos habituales donde la gente en EE. UU. suele reunirse para ver las retransmisiones deportivas?,Apa saja tempat atau lokasi umum di mana orang-orang di AS biasanya berkumpul untuk menonton siaran olahraga?,در ایالات متحده مکان‌ ها یا محل‌های معمول که افراد معمولاً برای تماشای پخش‌های ورزشی در آنجا جمع می‌شوند، کدام‌ها هستند؟,Naon tempat-tempat umum atawa lokasi di mana jalma-jalma di AS biasana ngariung pikeun nongton siaran olahraga?
Ca-sp-05,Food,Spanish (Spain),"How many meals per day do people from your country usually have? (Provide Arabic numerals (e.g., 5) only.)","How many meals per day do people from the US usually have? (Provide Arabic numerals (e.g., 5) only.)",미국 사람들은 보통 하루에 몇 끼를 먹나요? (아라비아 숫자(예: 5)만 기재하세요.),美国人通常一天吃几顿饭？（只提供阿拉伯数字（例如，5）。）,"¿Cuántas comidas al día suelen tener las personas de EE.UU.? (Proporciona la respuesta en números (por ejemplo, 5).)","Berapa kali makan dalam sehari yang biasanya dilakukan oleh orang AS? (Berikan angka numerik Arab saja (contoh, 5).)",مردم در آمریکا معمولاً روزانه چند وعده غذا می‌خورند؟ (فقط اعداد عربی (مثلاً 5) را وارد کنید.),"Sabaraha kali tuang sapoé nu biasa dilakukeun ku urang AS? (Pasihkeun angka Arab wungkul (contona, 5).)"
Ca-sp-06,Food,Spanish (Spain),Which is the most important meal of the day to people from your country?,Which is the most important meal of the day to people from the US?,미국 사람들에게 하루 중 가장 중요한 끼니는 무엇인가요?,对美国人来说，一天中最重要的一餐是哪一餐？,¿Cuál es la comida más importante del día para la gente de EE. UU.?,Manakah waktu makan yang paling penting dalam sehari bagi orang-orang Amerika Serikat?,کدام وعده غذایی از روز برای مردم در آمریکا مهم‌تر است؟,Waktos dahar naon nu pang pentingna dina sapoé keur urang AS?
Ca-sp-08,Food,Spanish (Spain),What is the most common ingredient used in your country's diet?,What is the most common ingredient used in the US's diet?,미국 음식에서 가장 흔히 사용되는 재료는 무엇입니까?,美国饮食中最常用的食材是什么？,¿Cuál es el ingrediente más común utilizado en la dieta estadounidense?,Apa bahan makanan yang paling sering digunakan dalam diet masyarakat AS?,متداول‌ترین ماده‌ی غذایی مورد استفاده در رژیم غذایی در آمریکا چیست؟,Naon bahan panganan anu pang ilaharna dipake kanggo diet urang AS?
Ca-sp-09,Food,Spanish (Spain),What do people from your country usually eat for dessert?,What do people from the US usually eat for dessert?,미국 사람들은 보통 디저트로 무엇을 먹나요?,美国人通常吃什么甜点？,¿Qué suelen comer los estadounidenses de postre?,Apa yang biasanya dimakan orang AS untuk makanan penutup?,مردم در آمریکا معمولاً برای دسر چه می‌خورند؟,Naon biasana nu didahar ku urang AS pikeun hidangan pamungkas?
Ca-sp-11,Food,Spanish (Spain),Which day of the week do people usually organize a family meal in your country?,Which day of the week do people usually organize a family meal in the US?,미국에서 사람들은 보통 어떤 요일에 가족식사를 하나요?,在美国，人们通常在一周的哪一天组织家庭聚餐？,¿Qué día de la semana suelen organizar una comida familiar en EE.UU.?,Hari apa dalam seminggu orang biasanya mengadakan makan bersama keluarga di AS?,مردم در آمریکا معمولاً در چه روزی از هفته مهمانی خانوادگی برگزار می‌کنند؟,Poé naon dina saminggu biasana jalma-jalma di AS ngayakeun acara dahar kulawarga?
Ca-sp-14,Food,Spanish (Spain),Which is the most popular hot drink in your country?,Which is the most popular hot drink in the US?,미국에서 가장 인기 있는 따뜻한 음료는 무엇입니까?,在美国最受欢迎的热饮是什么？,¿Cuál es la bebida caliente más popular en EE. UU.?,Minuman panas apa yang paling populer di AS?,محبوب‌ترین نوشیدنی گرم در آمریکا کدام است؟,Inuman panas naon nu pang populerna di AS?
Ca-sp-21,Holidays/Celebration/Leisure,Spanish (Spain),At which month do people usually take holidays in your country? (Provide Arabic numerals (1~12) only.),At which month do people usually take holidays in the US? (Provide Arabic numerals (1~12) only.),미국에서 사람들이 보통 어느 달에 휴가를 가나요? (아라비아 숫자(1~12)만 기재해 주세요.),在美国，人们通常在哪个月份休假？（只提供1~12的阿拉伯数字。）,¿En qué mes suelen las personas tomar vacaciones en EE.UU.? (Proporciona la respuesta en números del 1 al 12).,Pada bulan apa orang biasanya mengambil liburan di AS? (Berikan angka Arab (1~12) saja.),مردم معمولاً در چه ماهی در آمریکا تعطیلات می‌گیرند؟ (فقط اعداد عربی (1 تا 12) را وارد کنید.),Dina bulan sabaraha biasana jalma-jalma nyandak liburan di AS? (Pasihkeun nomer Arab (1~12) hungkul.)
Ca-sp-29,Holidays/Celebration/Leisure,Spanish (Spain),What tradition is there in your country for New Year's Eve?,What tradition is there in the US for New Year's Eve?,미국에는 새해 전날에 무엇을 하는 문화가 있나요?,美国在除夕有什么传统？,¿Qué tradición hay en EE. UU. para Nochevieja?,Apa tradisi yang ada di AS untuk Malam Tahun Baru?,در شب سال نو در آمریکا چه سنت‌هایی وجود دارد؟,Naon tradisi anu aya di AS pikeun wengi Taun Anyar?
Ca-sp-38,Family,Spanish (Spain),Which is the typical type of house for a family in your country?,Which is the typical type of house for a family in the US?,미국에서 가족이 전형적으로 거주하는 주거형태는 무엇인가요?,在美国，典型的家庭住宅是哪种类型的房子？,¿Cuál es el tipo de casa típico para una familia en EE.UU.?,Apa jenis rumah yang biasa untuk sebuah keluarga di AS?,درآمریکا معمولاً چه نوع خانه‌ای برای یک خانواده معمول است؟,Naon jenis imah anu umum pikeun kulawarga di AS?
Ca-sp-41,Family,Spanish (Spain),Where do the dependent elderly usually live in your country?,Where do the dependent elderly usually live in the US?,미국에서 돌봄이 필요한 노인들은 대체로 어느 곳에 사나요?,在美国，需要依赖他人照顾的老年人通常住在哪里？,¿Dónde suelen vivir las personas mayores dependientes en EE.UU.?,Di mana para lansia yang membutuhkan bantuan biasanya tinggal di AS?,در آمریکا افراد مسن وابسته معمولاً در کجا زندگی می‌کنند؟,Di mana biasana para sepuh anu gumantung cicing di AS?
Ca-sp-42,Family,Spanish (Spain),"How long (in weeks) is your country's maternity leave for mums? (Provide Arabic numerals (e.g., 20) only.)","How long (in weeks) is the US's maternity leave for mums? (Provide Arabic numerals (e.g., 20) only.)",미국에서 여성의 출산 휴가는 몇 주인가요? (아라비아 숫자(예: 20)만 제공해 주세요.),美国的产假有多少周？（只提供阿拉伯数字，例如：20。）,"¿Cuántas semanas dura la baja por maternidad en EE.UU. para las madres? (Proporciona la respuesta en números, por ejemplo, 20).","Berapa lama (dalam minggu) cuti hamil di AS untuk ibu? (Hanya berikan angka Arab (misalnya, 20).)",درآمریکا مرخصی زایمان برای مادران چند هفته است؟ (فقط عدد عربی (مثلاً 20) ارائه دهید.),"Sabaraha lami (dina minggu) cuti ngalahirkeun di AS pikeun ibu-ibu? (Pasihkeun angka Arab wungkul (contona, 20).)"
Ca-sp-43,Family,Spanish (Spain),"How long (in weeks) is your country's paternity leave for dads? (Provide Arabic numerals (e.g., 20) only.)","How long (in weeks) is the US's paternity leave for dads? (Provide Arabic numerals (e.g., 20) only.)",미국에서 남성의 육아휴직 기간은 몇 주인가요? (아라비아 숫자(예: 20)만 기재해 주세요.),美国的父亲陪产假有多少周？（只提供阿拉伯数字，例如：20。）,"¿Cuántas semanas dura la baja por paternidad en EE.UU. para los padres? (Proporciona la respuesta en números, por ejemplo, 20).","Berapa lama (dalam minggu) cuti paternitas di AS untuk ayah? (Hanya berikan angka Arab (misalnya, 20).)",درآمریکا مرخصی زایمان برای پدران چند هفته است؟ (فقط عدد عربی (مثلاً 20) ارائه دهید.),"Sabaraha lami (dina minggu) cuti ngalahirkeun pikeun bapa di AS? (Pasihkeun angka Arab wungkul (contona, 20).)"
Ca-sp-45,Family,Spanish (Spain),What type of destination is commonly chosen for a family vacation in your country?,What type of destination is commonly chosen for a family vacation in the US?,미국에서는 주로 어떤 종류의 여행지로 가족 휴가를 가나요?,在美国，家庭度假通常选择哪种类型的目的地？,¿Qué tipo de destino se elige comúnmente para unas vacaciones familiares en EE.UU.?,Jenis destinasi apa yang biasanya dipilih untuk liburan keluarga di AS?,در آمریکا معمولاً چه نوع مقصدی برای تعطیلات خانوادگی انتخاب می‌شود؟,Naon jinis tujuan anu ilahar dipilih pikeun liburan kulawarga di AS?
Gu-ch-05,Sport,Chinese (China),What sports do seniors like the most in your country?,What sports do seniors like the most in the US?,미국의 노인들이 가장 좋아하는 스포츠는 무엇인가요?,在美国，老年人最喜欢什么运动？,¿Qué deportes prefieren los mayores en EE.UU.?,Olahraga apa yang paling disukai oleh orang tua di AS?,در آمریکا سالمندان بیشتر از چه ورزش‌هایی خوششان می‌آید؟,Olahraga naon nu pang dipikaresep ku para sepuh di AS?
Gu-ch-06,Sport,Chinese (China),What sports do men like to play the most in your country?,What sports do men like to play the most in the US?,미국 남성들이 가장 좋아하는 스포츠는 무엇인가요?,在美国，男性最喜欢参与什么运动？,¿Qué deportes prefieren practicar los hombres en EE.UU.?,Olahraga apa yang paling disukai untuk dimainkan oleh pria di AS?,در آمریکا مردان بیشتر به بازی کردن چه ورزش‌هایی علاقه دارند؟,Olahraga naon nu pang dipikaresep dipaénkeun ku lalaki di AS?
Gu-ch-07,Sport,Chinese (China),Who is the most famous basketball player in your country?,Who is the most famous basketball player in the US?,미국에서 가장 유명한 농구 선수는 누구인가요?,美国最著名的篮球运动员是谁？,¿Quién es el jugador de baloncesto más famoso de Estados Unidos?,Siapa pemain bola basket paling terkenal di AS?,درآمریکا معروف‌ترین بازیکن بسکتبال چه کسی است؟,Saha atlit basket nu pang kasohorna di AS?
Gu-ch-08,Sport,Chinese (China),What is the most popular sports among children in your country?,What is the most popular sports among children in the US?,미국의 아이들 사이에서 가장 인기 있는 스포츠는 무엇인가요?,在美国，孩子们最喜欢的运动是什么？,¿Cuál es el deporte más popular entre los niños en EE.UU.?,Apa olahraga paling populer di kalangan anak-anak di AS?,درآمریکا محبوب‌ترین ورزش بین کودکان چیست؟,Naon olahraga nu pang populerna di kalangan barudak di AS?
Gu-ch-09,Sport,Chinese (China),What sports do women like to play the most in your country?,What sports do women like to play the most in the US?,미국 여성들이 가장 좋아하는 스포츠는 무엇인가요?,在美国，女性最喜欢参与哪些运动？,¿Qué deportes les gusta practicar más a las mujeres en EE. UU.?,Olahraga apa yang paling disukai untuk dimainkan oleh wanita di AS?,در آمریکا زنان بیشتر به بازی کردن چه ورزش‌هایی علاقه دارند؟,Olahraga naon nu pang dipikaresep dipaénkeun ku awéwé di AS?
Gu-ch-11,Sport,Chinese (China),What sports event has your country won the most gold medals at the Olympics?,What sports event has the US won the most gold medals at the Olympics?,미국이 올림픽에서 가장 많은 금메달을 획득한 종목은 무엇인가요?,美国在奥运会上哪个体育项目获得了最多的金牌？,¿En qué evento deportivo ha ganado EE. UU. más medallas de oro en los Juegos Olímpicos?,Dalam olahraga apa AS memenangkan medali emas terbanyak di Olimpiade?,در ایالات متحده چه رویداد ورزشی در المپیک بیشترین مدال طلا را کسب کرده است؟,Cabang olahraga naon nu pang lobana ngameunangan medali emas ku AS di Olimpiade?
Gu-ch-15,Sport,Chinese (China),What sports do male students in university like to play the most in your country?,What sports do male students in university like to play the most in the US?,미국의 대학교 남학생들이 가장 좋아하는 스포츠는 무엇인가요?,在美国，大学里的男生最喜欢玩什么运动？,¿Qué deportes prefieren practicar los estudiantes universitarios en EE.UU.?,Olahraga apa yang paling disukai oleh mahasiswa pria di universitas untuk dimainkan di AS?,در آمریکا دانشجویان پسر در دانشگاه‌ها بیشتر به چه ورزش‌هایی علاقه دارند؟,Olahraga naon nu pang dipikaresep ku mahasiswa lalaki di universitas pikeun dipaénkeun di AS?
Gu-ch-16,Family,Chinese (China),"How many people are there in a family on average in your country? (Provide Arabic numerals (e.g., 12) only.)","How many people are there in a family on average in the US? (Provide Arabic numerals (e.g., 12) only.)",미국의 평균 가족 구성원 수는 몇 명입니까? (아라비아 숫자(예: 12)만 기재해 주세요.),美国的家庭平均有多少人？（只提供阿拉伯数字（例如，12）。）,"¿Cuántas personas hay en una familia de media en EE.UU.? (Proporciona la respuesta en números (por ejemplo, 12).)","Berapa banyak orang rata-rata dalam satu keluarga di AS? (Hanya berikan angka Arab (contoh, 12).)",درآمریکا میانگین تعداد افراد در یک خانواده چند نفر است؟ (فقط اعداد عربی (مثلاً 12) را ارائه دهید.),"Sabaraha jalma nu aya dina hiji kulawarga sacara rata-rata di AS? (Pasihkeun nomer Arab (contona, 12) hungkul.)"
Gu-ch-18,Family,Chinese (China),"How many children do couples usually have in your country? (Provide Arabic numerals (e.g., 12) only.)","How many children do couples usually have in the US? (Provide Arabic numerals (e.g., 12) only.)",미국의 부부는 보통 몇 명의 자녀를 가지고 있습니까? (아라비아 숫자(예: 12)만 기재해 주세요.),在美国，夫妇通常会有几个孩子？（只提供阿拉伯数字（例如，12）。）,¿Cuántos hijos suelen tener las parejas en EE.UU.? (Proporciona la respuesta en números),"Berapa banyak anak yang biasanya dimiliki oleh pasangan di AS? (Berikan hanya angka Arab (misalnya, 12).)",درآمریکا معمولاً زوج‌ها چند فرزند دارند؟ (فقط اعداد عربی (مثلاً 12) را وارد کنید.),"Sabaraha jumlah budak anu biasana dipiboga ku pasangan di AS? (Pasihan nomer Arab wungkul (contona, 12).)"
Gu-ch-31,Education,Chinese (China),"What is the duration of elementary school in years in your country? (Provide Arabic numerals (e.g., 12) only.)","What is the duration of elementary school in years in the US? (Provide Arabic numerals (e.g., 12) only.)",미국의 초등학교는 총 몇 년 다녀야 하나요? (아라비아 숫자(예: 12)만 기재해 주세요.),美国小学的学制是多少年？（只提供阿拉伯数字，例如：12。）,"¿Cuál es la duración en años de la educación primaria en EE. UU.? (Proporciona la respuesta en números (por ejemplo, 12).)","Berapa lama durasi sekolah dasar dalam tahun di AS? (Berikan hanya angka Arab (misalnya, 12).)",در آمریکا مدت زمان دبستان به تعداد سال چقدر است؟ (فقط اعداد عربی (مثلاً 12) را ارائه دهید.),"Sabaraha taun durasi sakola dasar di AS? (Pasihkeun nomer Arab wungkul (contona, 12).)"
Gu-ch-32,Education,Chinese (China),"What is the duration of compulsory education in years in your country? (Provide Arabic numerals (e.g., 12) only.)","What is the duration of compulsory education in years in the US? (Provide Arabic numerals (e.g., 12) only.)",미국의 의무교육 기간은 몇 년인가요? (아라비아 숫자 (예: 12)만 기재하십시오.),美国义务教育的年限是多少年？（只提供阿拉伯数字，例如：12。）,"¿Cuál es la duración en años de la educación obligatoria en EE.UU.? (Proporciona la respuesta en números (por ejemplo, 12).)","Berapa lama durasi pendidikan wajib dalam tahun di AS? (Berikan hanya angka Arab (contoh, 12).)",در آمریکا مدت زمان آموزش اجباری به سال چقدر است؟ (فقط اعداد عربی (مثلاً 12) را وارد کنید.),"Sabaraha taun wajib atikan di AS? (Pasihkeun angka Arab wungkul (contona, 12).)"
Gu-ch-33,Education,Chinese (China),"From which age do students start learning their second language in your country? (Provide Arabic numerals (e.g., 12) only.)","From which age do students start learning their second language in the US? (Provide Arabic numerals (e.g., 12) only.)",미국에서 학생들은 몇 살 때부터 외국어를 배우기 시작하나요? (아라비아 숫자(예: 12)만 기재해 주세요.),在美国，学生从几岁开始学习第二语言？（只提供阿拉伯数字（例如，12）。）,"¿A partir de qué edad comienzan los estudiantes a aprender su segundo idioma en EE.UU.? (Proporciona la respuesta en números (por ejemplo, 12).)","Pada usia berapa siswa mulai belajar bahasa kedua di AS? (Berikan angka Arab (misalnya, 12) saja.)",در آمریکا دانش‌آموزان از چه سنی شروع به یادگیری زبان دوم می‌کنند؟ (فقط اعداد عربی (مثلاً 12) را ارائه دهید.),"Ti umur sabaraha murid-murid di AS mimiti diajar basa kadua? (Pasihkeun angka Arab wungkul (contona, 12).)"
Gu-ch-38,Education,Chinese (China),"What is the duration of undergraduate education in your country? (Provide Arabic numerals (e.g., 12) only.)","What is the duration of undergraduate education in the US? (Provide Arabic numerals (e.g., 12) only.)",미국의 대학교 학부 교육 기간은 몇 년인가요? (아라비아 숫자(예: 12)만 기재해 주세요.),美国的本科教育周期是多长？（只提供阿拉伯数字（例如，12）。）,"¿Cuál es la duración de la educación universitaria de grado en EE.UU.? (Proporciona la respuesta en números (por ejemplo, 12).)","Berapa lama durasi pendidikan rata-rata di AS? (Berikan hanya angka Arab (contoh, 12).)",در آمریکا مدت زمان تحصیل کارشناسی چقدر است؟ (فقط اعداد عربی (مثلاً 12) را وارد کنید.),"Sabaraha lila atikan sarjana di AS? (Pasihkeun angka Arab wungkul (contona, 12).)"
Gu-ch-40,Education,Chinese (China),"What time do younger elementary school students finish school in your country? (Provide in HH:MM format (e.g., 18:00, 09:00).)","What time do younger elementary school students finish school in the US? (Provide in HH:MM format (e.g., 18:00, 09:00).)","미국의 초등학교 저학년 학생들은 주로 몇 시에 하교하나요? (HH:MM 형식(예: 18:00, 09:00)으로 제공해주세요.)","美国小学低年级学生什么时候放学？（请以HH:MM格式提供，例如，18:00, 09:00。）","¿A qué hora salen los alumnos de primaria más pequeños del colegio en EE.UU.? (Indica en formato HH:MM (por ejemplo, 18:00, 09:00).)","Pukul berapa siswa sekolah dasar yang lebih muda selesai sekolah di AS? (Berikan dalam format HH:MM (contoh, 18:00, 09:00).)",در آمریکا دانش‌آموزان کوچک دبستانی چه ساعتی از مدرسه تعطیل می‌شوند؟ (به فرمت HH:MM ارائه دهید (مثلاً 18:00، 09:00).),"Tabuh sabaraha murid SD kelas handap réngsé sakola di AS? (Pasihkeun dina format HH:MM (contona, 18:00, 09:00).)"
Gu-ch-41,Education,Chinese (China),"How many musical instruments do elementary school students in your country typically play? (Provide Arabic numerals (e.g., 12) only.)","How many musical instruments do elementary school students in the US typically play? (Provide Arabic numerals (e.g., 12) only.)",미국의 초등학생들은 보통 몇 가지 악기를 다루나요? (아라비아 숫자(예: 12)만 기재해주세요.),美国的小学生通常会演奏多少种乐器？（只提供阿拉伯数字（例如，12）。）,"¿Cuántos instrumentos musicales suelen tocar los alumnos de primaria en EE. UU.? (Proporciona la respuesta en números (por ejemplo, 12).)","Berapa banyak alat musik yang biasanya dimainkan oleh siswa sekolah dasar di AS? (Hanya berikan angka Arab (misalnya, 12).)",در آمریکا دانش‌آموزان دبستانی معمولاً چند ساز موسیقی می‌نوازند؟ (فقط اعداد عربی (مثلاً 12) را وارد کنید.),"Sabaraha alat musik anu biasa dipaénkeun ku murid-murid sakola dasar di AS? (Pasihkeun angka Arab wungkul (contona, 12).)"
Ji-ko-02,Work life,Korean (South Korea),What day of the week do people in your country prefer to have company dinners?,What day of the week do people in the US prefer to have company dinners?,미국 사람들은 주중 어느 요일에 회식을 하는 것을 가장 선호하나요?,美国人更喜欢在一周的哪一天举行公司晚宴？,¿Qué día de la semana prefieren las personas en EE. UU. para tener cenas de empresa?,Hari apa dalam seminggu yang biasanya dipilih orang-orang di AS untuk makan malam bersama perusahaan?,مردم در آمریکا ترجیح می‌دهند شام‌های شرکتی را چه روزی از هفته برگزار کنند؟,Poé naon dina saminggu nu dipikaresep ku urang AS pikeun ngayakeun dahar bareng di pausahaan?
Ji-ko-03,Work life,Korean (South Korea),Which region/city has the highest number of financial companies in your country?,Which region/city has the highest number of financial companies in the US?,미국에서 금융 회사가 가장 많은 지역/도시는 어디인가요?,在美国，哪个地区/城市拥有最多的金融公司？,¿Qué región/ciudad tiene el mayor número de empresas financieras en EE.UU.?,Wilayah/kota mana yang memiliki jumlah perusahaan keuangan terbanyak di AS?,کدام منطقه/شهر بیشترین تعداد شرکت‌های مالی را در آمریکا دارد؟,Wewengkon/kota mana nu mibanda jumlah pausahaan kauangan pang lobana di AS?
Ji-ko-07,Work life,Korean (South Korea),What is the most famous private company in your country?,What is the most famous private company in the US?,미국에서 가장 유명한 사기업은 어디입니까?,美国最著名的私营公司是哪一家？,¿Cuál es la empresa privada más famosa de EE. UU.?,Apa perusahaan swasta paling terkenal di AS?,معروف‌ترین شرکت خصوصی در آمریکا چیست؟,Naon pausahaan swasta nu pang kasohorna di AS?
Ji-ko-08,Work life,Korean (South Korea),"What is the maximum number of hours one can work per week in your country? (Provide Arabic numerals (e.g., 12) only.)","What is the maximum number of hours one can work per week in the US? (Provide Arabic numerals (e.g., 12) only.)",미국에서는 일주일에 최대 몇 시간 일할 수 있습니까? (아라비아 숫자(예: 12)만 기재해 주세요.),在美国，每周最多可以工作多少小时？（只提供阿拉伯数字（例如，12）。）,"¿Cuál es el número máximo de horas que se pueden trabajar por semana en EE.UU.? (Proporciona la respuesta en números (por ejemplo, 12).)","Berapa jumlah maksimum jam kerja per minggu di AS? (Hanya berikan angka Arab (contoh, 12).)",حداکثر تعداد ساعات کاری که یک نفر می‌تواند در هفته در آمریکا کار کند چند ساعت است؟ (فقط اعداد عربی (مثلاً 12) را ارائه دهید.),"Sabaraha jumlah maksimal jam gawe mingguan di AS? (Pasihkeun ngan angka Arab wungkul (contona, 12).)"
Ji-ko-09,Work life,Korean (South Korea),What do people typically eat during company get-together in your country?,What do people typically eat during company get-together in the US?,미국 사람들은 보통 회사 모임에서 무엇을 먹나요?,在美国的公司聚会上，人们通常吃些什么？,¿Qué suelen comer las personas durante una reunión de empresa en EE.UU.?,Apa yang biasanya orang makan saat pertemuan perusahaan di AS?,مردم معمولاً در دورهمی‌های شرکتی در آمریکا چه غذاهایی می‌خورند؟,Naon biasana nu didahar ku jalma-jalma nalika aya ririungan pausahaan di AS?
Ji-ko-14,Work life,Korean (South Korea),What is the representative export item of your country?,What is the representative export item of the US?,미국의 대표 수출 품목은 무엇입니까?,美国的代表性出口商品是什么？,¿Cuál es el producto de exportación representativo de EE.UU.?,Apa benda ekspor yang mewakili AS?,کالای صادراتی نماینده درآمریکا چیست؟,Naon barang ékspor anu ngawakilan AS?
Ji-ko-15,Work life,Korean (South Korea),"How long (in hours) is the typical lunch break in your country? (Provide Arabic numerals up to one decimal point (e.g., 2, 3.5) only.)","How long (in hours) is the typical lunch break in the US? (Provide Arabic numerals up to one decimal point (e.g., 2, 3.5) only.)","미국에서 점심 시간은 주로 몇 시간입니까? (아라비아 숫자로 소수점 한 자리까지(예: 2, 3.5)만 제공해 주세요.)",美国的典型午休时间有多长（以小时计）？（仅提供阿拉伯数字，保留到一位小数点（例如，2、3.5）。）,"¿Cuánto dura (en horas) la pausa para el almuerzo típica en EE.UU.? (Proporciona la respuesta en números (p. ej., 2, 3.5).)","Berapa lama (dalam jam) istirahat makan siang yang biasa di AS? (Berikan angka Arab hingga satu desimal (contoh, 2, 3.5) saja.)",معمولاً زمان استراحت ناهار در آمریکا چند ساعت است؟ (فقط عدد عربی تا یک رقم اعشاری (مثلاً 2، 3.5) ارائه دهید.),"Sabaraha lami (dina jam) istirahat beurang anu biasa di AS? (Pasihkeun angka Arab nepi ka hiji tempat desimal (contona, 2, 3.5) wungkul.)"
Ji-ko-16,Family,Korean (South Korea),Where do mothers stay for a certain period after childbirth for recovery in your country?,Where do mothers stay for a certain period after childbirth for recovery in the US?,미국에서 출산 후 어머니들이 회복을 위해 어디에 머무르나요?,在美国，产妇在生完孩子后为了恢复会在哪里住一段时间？,¿Dónde se quedan las madres durante un cierto período después del parto para recuperarse en EE.UU.?,Di mana ibu-ibu tinggal untuk sementara waktu setelah melahirkan untuk pemulihan di AS?,در آمریکا مادران پس از زایمان برای مدتی به منظور بهبودی در کجا اقامت دارند؟,Di mana ibu-ibu cicing pikeun sababaraha waktu saatos ngalahirkeun pikeun pamulihan di AS?
Ji-ko-19,Family,Korean (South Korea),What is your country's most commonly given flower on Parents' Day?,What is the US's most commonly given flower on Parents' Day?,미국에서 어버이날에 부모님께 드리는 가장 흔한 꽃은 무엇인가요?,在父母节上，美国最常赠送的花是什么？,¿Cuál es la flor que se regala más comúnmente en Estados Unidos en el Día de los Padres?,Apa bunga yang paling sering diberikan di AS pada Hari Orang Tua?,در آمریکا متداول‌ترین گلی که در روز والدین اهدا می‌شود، چیست؟,Naon kembang anu pang mindengna dipasihkeun dina Dinten Kolot di AS?
Ji-ko-22,Family,Korean (South Korea),What do people especially spend their first salary on in your country's society?,What do people especially spend their first salary on in the US's society?,미국 사회에서 사람들은 첫 월급을 특별히 어디에 쓰나요?,在美国社会，人们的第一份工资通常会特别花在什么上？,¿En qué gastan especialmente las personas su primer sueldo en la sociedad estadounidense?,Apa yang biasanya orang-orang di masyarakat AS belanjakan untuk gaji pertama mereka?,در آمریکا مردم در جامعه معمولاً اولین حقوق خود را صرف چه چیزی می‌کنند؟,Naon nu biasana dipésér ku jalma-jalma ngangge gajih munggaranana di masarakat AS?
Ji-ko-24,Family,Korean (South Korea),What is the most preferred recreational facility among children in your country?,What is the most preferred recreational facility among children in the US?,미국 어린이들이 가장 선호하는 놀이 시설은 무엇인가요?,在美国，儿童最喜欢的休闲设施是什么？,¿Cuál es la instalación recreativa preferida por los niños en EE. UU.?,Apa fasilitas rekreasi yang paling disukai oleh anak-anak di AS?,درآمریکا محبوب‌ترین امکانات تفریحی بین کودکان چیست؟,Naon fasilitas rekreasi nu pang dipikaresep ku barudak di AS?
Ji-ko-25,Family,Korean (South Korea),What are the family-related holidays in your country?,What are the family-related holidays in the US?,미국의 가족 관련 공휴일은 무엇이 있나요?,美国有哪些与家庭相关的节日？,¿Cuáles son las festividades relacionadas con la familia en EE. UU.?,Apa saja hari libur yang berkaitan dengan keluarga di AS?,در آمریکا تعطیلات مرتبط با خانواده چیست؟,Naon wae liburan anu sahubungan jeung kulawarga di AS?
Ji-ko-26,Family,Korean (South Korea),What are the key milestones associated with children's independence from their parents in your country's society?,What are the key milestones associated with children's independence from their parents in the US's society?,미국 사회에서 사람들은 언제(무엇을 한 후에) 부모로부터 독립을 하나요?,在美国社会中，与孩子们从父母那里独立出来相关的关键里程碑是什么？,¿Cuáles son los hitos clave asociados con la independencia de los niños de sus padres en la sociedad estadounidense?,Apa saja tonggak utama yang terkait dengan kemandirian anak-anak dari orang tua mereka dalam masyarakat AS?,در آمریکا مهم‌ترین نقاط عطف مرتبط با استقلال فرزندان از والدین در جامعه چیست؟,Naon waé tahap-tahap penting nu patali jeung kamandirian barudak tina kolotna dina masarakat AS?
Ji-ko-27,Family,Korean (South Korea),What is the common gift you give when visiting elderly parents in your country?,What is the common gift you give when visiting elderly parents in the US?,미국에서 노부모님을 방문할 때 주로 드리는 선물은 무엇인가요?,在美国拜访年长的父母时，常见的礼物是什么？,¿Cuál es el regalo habitual que se da al visitar a los padres ancianos en EE. UU.?,Apa hadiah yang biasa diberikan ketika mengunjungi orang tua yang lebih tua di AS?,در آمریکا هنگام دیدن والدین مسن، معمولاً چه هدیه‌ای می‌دهید؟,Naon hadiah nu ilahar dibikeun nalika ngalongok kolot nu geus sepuh di AS?
Ji-ko-28,Family,Korean (South Korea),When is the first day that people celebrate after a child is born in your country?,When is the first day that people celebrate after a child is born in the US?,미국에서 아기가 태어난 후 사람들이 처음으로 축하하는 날은 언제인가요?,在美国，孩子出生后人们庆祝的第一天是什么时候？,¿Cuál es el primer día que se celebra después de que nace un niño en EE.UU.?,Kapan hari pertama yang dirayakan orang setelah seorang anak lahir di AS?,در آمریکا اولین روزی که مردم پس از تولد کودک جشن می‌گیرند، چه زمانی است؟,Iraha poé kahiji nu dirayakeun ku urang sanggeus aya orok nu lahir di AS?
Ji-ko-29,Family,Korean (South Korea),Which age's birthday is celebrated the most grandly in your country's society?,Which age's birthday is celebrated the most grandly in the US's society?,미국 사회에서 가장 크게 기념하는 생일은 몇 번째 생일인가요?,在美国社会中，哪个年龄的生日庆祝得最隆重？,¿Qué cumpleaños se celebra con mayor pompa en la sociedad estadounidense?,Ulang tahun usia berapa yang paling meriah dirayakan dalam masyarakat AS?,در ایالات متحده در جامعه، تولد چه سنی باشکوه‌ترین جشن گرفته می‌شود؟,Acara tepang taun umur sabaraha nu pang dirayakeun ageung-ageungan dina masarakat AS?
Ji-ko-31,Education,Korean (South Korea),Where do middle and high school students in your country usually study for exams?,Where do middle and high school students in the US usually study for exams?,미국의 중고등학생들은 보통 어디에서 시험공부를 하나요?,美国的中学生和高中生通常在哪里为考试学习？,¿Dónde suelen estudiar para los exámenes los alumnos de secundaria y preparatoria en EE. UU.?,Di mana siswa SMP dan SMA di AS biasanya belajar untuk ujian?,در آمریکا دانش‌آموزان دبیرستانی و متوسطه معمولاً کجا برای امتحانات درس می‌خوانند؟,Di mana biasana murid SMP jeung SMA di AS diajar pikeun ujian?
Ji-ko-33,Education,Korean (South Korea),Where do high school students in your country usually go after dinner?,Where do high school students in the US usually go after dinner?,미국의 고등학생들은 보통 저녁 식사 후에 어디로 가나요?,美国的高中生晚饭后通常去哪里？,¿Adónde suelen ir los estudiantes de secundaria en EE. UU. después de cenar?,Kemana biasanya siswa SMA di AS pergi setelah makan malam?,در آمریکا دانش‌آموزان دبیرستانی معمولاً بعد از شام به کجا می‌روند؟,Ka mana biasana murid SMA di AS angkat saatos dahar peuting?
Ji-ko-34,Education,Korean (South Korea),How do elementary school students in your country go to school?,How do elementary school students in the US go to school?,미국의 초등학생들은 어떻게 등교하나요?,美国的小学生是怎么上学的？,¿Cómo van al colegio los alumnos de primaria en EE. UU.?,Bagaimana cara siswa sekolah dasar di AS pergi ke sekolah?,در آمریکا دانش‌آموزان دبستانی چگونه به مدرسه می‌روند؟,Kumaha murid-murid SD di AS indit ka sakola?
Ji-ko-35,Education,Korean (South Korea),What is the most common form of private education in your country?,What is the most common form of private education in the US?,미국에서 가장 흔한 사교육은 무엇인가요?,在美国，最常见的私立教育形式是什么？,¿Cuál es la forma más común de educación privada en EE.UU.?,Apa bentuk pendidikan swasta yang paling umum di AS?,در آمریکا شایع‌ترین شکل آموزش خصوصی چیست؟,Naon bentuk atikan swasta anu pang umumna di AS?
Ji-ko-36,Education,Korean (South Korea),Which subject’s academy/private educational institute do middle or high students most frequently attend in your country?,Which subject’s academy/private educational institute do middle or high students most frequently attend in the US?,미국의 중고등학생들이 어떤 과목을 가르치는 학원을 가장 많이 가나요?,在美国，中学或高中学生最常上哪个科目的补习班/私立教育机构？,¿A qué academia o instituto educativo privado de qué asignatura asisten más frecuentemente los estudiantes de secundaria o bachillerato en EE. UU.?,Akademi/institut pendidikan swasta mata pelajaran apa yang paling sering diikuti oleh siswa SMP atau SMA di AS?,در آمریکا دانش‌آموزان متوسطه یا دبیرستان بیشتر به آکادمی/موسسه آموزشی خصوصی کدام درس می‌روند؟,Akademi/institut atikan swasta naon nu pang mindengna diiluan ku murid SMP atawa SMA di AS?
Ji-ko-37,Education,Korean (South Korea),What type of clothing do middle and high school students wear to school in your country?,What type of clothing do middle and high school students wear to school in the US?,미국의 중고등학생들은 학교에 어떤 종류의 옷을 입고 등교하나요?,在美国，中学和高中的学生上学通常穿什么样的衣服？,¿Qué tipo de ropa llevan los estudiantes de secundaria y preparatoria al colegio en EE. UU.?,Apa jenis pakaian yang dikenakan oleh siswa SMP dan SMA ke sekolah di AS?,در آمریکا دانش‌آموزان دبیرستان و راهنمایی چه نوع لباسی به مدرسه می‌پوشند؟,Naon jinis baju nu dipaké ku murid SMP jeung SMA ka sakola di AS?
Ji-ko-38,Education,Korean (South Korea),Which major is considered the most difficult to gain admission to in your country?,Which major is considered the most difficult to gain admission to in the US?,미국의 대학 입시에서 가장 입학하기 어려운 전공은 무엇인가요?,在美国，哪个专业被认为是最难进入的？,¿Qué carrera se considera la más difícil para ser admitido en EE. UU.?,Jurusan mana yang dianggap paling sulit untuk diterima di AS?,در آمریکا کدام رشته تحصیلی برای ورود به آن دشوارترین شناخته می‌شود؟,Jurusan naon nu dianggap pang héséna pikeun asup di AS?
Ji-ko-39,Education,Korean (South Korea),What is the most commonly learned musical instrument by elementary school students in your country?,What is the most commonly learned musical instrument by elementary school students in the US?,미국 초등학생들이 가장 많이 배우는 악기는 무엇인가요?,在美国，小学生最常学习的乐器是什么？,¿Cuál es el instrumento musical más comúnmente aprendido por los estudiantes de primaria en EE. UU.?,Apa alat musik yang paling sering dipelajari oleh siswa sekolah dasar di AS?,در آمریکا پرطرفدارترین ساز موسیقی که دانش‌آموزان دبستانی یاد می‌گیرند، چیست؟,Naon alat musik anu pang mindengna diajarkeun ka murid-murid sakola dasar di AS?
Ji-ko-40,Education,Korean (South Korea),What do high school students typically do during break time in schools in your country?,What do high school students typically do during break time in schools in the US?,미국의 고등학교 학생들은 보통 쉬는 시간에 무엇을 하나요?,在美国的学校里，高中生在课间休息时间通常做些什么？,¿Qué suelen hacer los estudiantes de secundaria durante el recreo en los colegios de EE. UU.?,Apa yang biasanya dilakukan oleh siswa SMA selama waktu istirahat di sekolah-sekolah di AS?,در آمریکا دانش‌آموزان دبیرستانی معمولاً در زنگ تفریح مدارس چه کارهایی انجام می‌دهند؟,Naon nu biasa dilakukeun ku murid SMA dina waktos istirahat di sakola-sakola di AS?
Ji-ko-41,Education,Korean (South Korea),What kind of shoes do students wear in schools in your country?,What kind of shoes do students wear in schools in the US?,미국의 학교 내에서 학생들은 어떤 종류의 신발을 신나요?,在美国的学校里，学生们通常穿什么样的鞋子？,¿Qué tipo de zapatos usan los estudiantes en las escuelas en EE. UU.?,Sepatu seperti apa yang dipakai oleh siswa di sekolah-sekolah di AS?,در آمریکا دانش‌آموزان در مدارس چه نوع کفش‌هایی به پا می‌کنند؟,Naon jinis sapatu nu dipaké ku murid di sakola-sakola di AS?
Ji-ko-42,Education,Korean (South Korea),What are the required subjects in your country's university entrance exam?,What are the required subjects in the US's university entrance exam?,미국의 대학 입시에서 필수 과목은 무엇인가요?,美国的大学入学考试都有哪些必考科目？,¿Cuáles son las asignaturas obligatorias en la prueba de acceso a la universidad en Estados Unidos?,Apa saja mata pelajaran yang diwajibkan dalam ujian masuk universitas di AS?,در آمریکا در آزمون ورودی دانشگاه، چه دروسی اجباری هستند؟,Naon waé mata pelajaran anu diperyogikeun dina ujian asup universitas di AS?
Ji-ko-44,Education,Korean (South Korea),Which region (within a city) in your country has the highest academic fervor?,Which region (within a city) in the US has the highest academic fervor?,미국의 어느 지역(도시 내)에서 학구열이 가장 높나요?,美国哪个城市里的哪个区域学术热情最高？,¿Qué zona (dentro de una ciudad) en EE. UU. tiene el mayor fervor académico?,Wilayah mana (di dalam sebuah kota) di AS yang memiliki semangat akademis tertinggi?,در آمریکا کدام منطقه (در درون یک شهر) بیشترین شور و شوق علمی را دارد؟,Wilayah mana (di jero kota) di AS nu mibanda sumanget akademik pang luhurna?
Ji-ko-45,Education,Korean (South Korea),What do people look forward to the most at university festivals in your country?,What do people look forward to the most at university festivals in the US?,미국의 대학 축제에서 사람들이 가장 기대하는 것은 무엇인가요?,在美国的大学节日中，人们最期待的是什么？,¿Qué es lo que más esperan las personas de los festivales universitarios en EE.UU.?,Apa yang paling dinantikan orang-orang pada festival universitas di AS?,در آمریکا مردم در جشن‌های دانشگاهی بیشتر منتظر چه چیزی هستند؟,Naon nu pang dipikaresep ku jalma-jalma dina festival kampus di AS?
Jo-sp-01,Sport,Spanish (Spain),What is the second most popular sport in your country?,What is the second most popular sport in the US?,미국에서 두 번째로 인기 있는 스포츠는 무엇인가요?,美国第二大流行的运动是什么？,¿Cuál es el segundo deporte más popular en EE.UU.?,Apa olahraga paling populer kedua di AS?,درآمریکا دومین ورزش محبوب چیست؟,Naon olahraga nu pang populerna kadua di AS?
Jo-sp-02,Sport,Spanish (Spain),What is the most popular sport played without a ball in your country?,What is the most popular sport played without a ball in the US?,미국에서 구기종목을 제외하고 가장 인기 있는 스포츠는 무엇인가요?,在美国，最受欢迎的不用球玩的运动是什么？,¿Cuál es el deporte más popular jugado sin pelota en EE. UU.?,Apa olahraga paling populer yang dimainkan tanpa bola di AS?,درآمریکا محبوب‌ترین ورزشی که بدون توپ انجام می‌شود، چیست؟,Naon olahraga pang populerna nu dipaénkeun tanpa bal di AS?
Jo-sp-09,Sport,Spanish (Spain),What sports are most associated with the upper class in your country?,What sports are most associated with the upper class in the US?,미국의 상류층과 가장 관련이 깊은 스포츠는 무엇인가요?,在美国，哪些运动最常与上层阶级联系在一起？,¿Qué deportes están más asociados con la clase alta en EE. UU.?,Olahraga apa yang paling banyak dikaitkan dengan kelas atas di AS?,در آمریکا چه ورزش‌هایی بیشتر با طبقه پولداران ارتباط دارند؟,Olahraga naon nu pang pakait jeung kelas luhur di AS?
Jo-sp-13,Sport,Spanish (Spain),What is the most popular water sport in your country?,What is the most popular water sport in the US?,미국에서 가장 인기 있는 수상 스포츠는 무엇인가요?,在美国最受欢迎的水上运动是什么？,¿Cuál es el deporte acuático más popular en EE.UU.?,Apa olahraga air paling populer di AS?,درآمریکا محبوب‌ترین ورزش آبی چیست؟,Naon olahraga cai nu pang populerna di AS?
Jo-sp-14,Sport,Spanish (Spain),What is the most popular mental sport in your country?,What is the most popular mental sport in the US?,미국에서 가장 인기 있는 두뇌 스포츠는 무엇인가요?,在美国最受欢迎的智力运动是什么？,¿Cuál es el deporte mental más popular en EE. UU.?,Apa olahraga mental yang paling populer di AS?,درآمریکا محبوب‌ترین ورزش ذهنی چیست؟,Naon olahraga mental nu pang populerna di AS?
Jo-sp-18,Work life,Spanish (Spain),"How many holiday days per year does a standard worker gets in your country? (Provide Arabic numerals (e.g., 12) only.)","How many holiday days per year does a standard worker gets in the US? (Provide Arabic numerals (e.g., 12) only.)",미국의 표준 근로자가 일년에 받는 휴가 일수는 며칠인가요? (아라비아 숫자(예: 12)로만 제공해 주세요.),在美国，一个标准工人每年有多少天假期？（只提供阿拉伯数字（例如，12）。）,"¿Cuántos días de vacaciones al año recibe un trabajador estándar en EE.UU.? (Proporciona la respuesta en números (por ejemplo, 12).)","Berapa hari libur per tahun yang didapatkan oleh pekerja standar di AS? (Berikan angka Arab (misalnya, 12) saja.)",یک کارگر استاندارد در آمریکا سالانه چند روز تعطیلی دارد؟ (فقط اعداد عربی (مثلاً 12) را ارائه دهید.),"Sabaraha dinten libur per taun nu biasa ditarima ku pagawe di AS? (Pasihkeun angka Arab wungkul (contona, 12).)"
Jo-sp-19,Work life,Spanish (Spain),What region in your country has been traditionally associated with agriculture?,What region in the US has been traditionally associated with agriculture?,미국의 어느 지역이 전통적으로 농업과 관련이 있습니까?,在美国，哪个地区传统上与农业有关？,¿Qué región de EE. UU. ha estado tradicionalmente asociada con la agricultura?,Wilayah mana di AS yang secara tradisional dikaitkan dengan pertanian?,کدام منطقه در آمریکا به طور سنتی با کشاورزی مرتبط بوده است؟,Wewengkon mana di AS anu identik sareng tatanén?
Jo-sp-21,Work life,Spanish (Spain),"What time, if any, do people usually leave work for lunch in your country? (Provide in HH:MM format (e.g., 18:00, 09:00).)","What time, if any, do people usually leave work for lunch in the US? (Provide in HH:MM format (e.g., 18:00, 09:00).)","미국의 직장인들은 보통 몇 시부터 점심 식사를 하나요? (HH:MM 형식(예: 18:00, 09:00)으로 제공하세요.)","在美国，人们通常什么时间离开工作去吃午饭？（请提供HH:MM格式，例如，18:00, 09:00。）","¿A qué hora, si la hay, suele la gente salir del trabajo para comer en EE.UU.? (Indicar en formato HH:MM (por ejemplo, 18:00, 09:00).)","Pada jam berapa, jika ada, orang-orang biasanya meninggalkan pekerjaan untuk makan siang di AS? (Berikan dalam format HH:MM (contoh, 18:00, 09:00).)",در آمریکا مردم معمولاً چه ساعتی برای ناهار از کار خارج می‌شوند؟ (با فرمت HH:MM ارائه دهید، مثلاً 18:00، 09:00).,"Jam sabaraha, upami aya, biasana jalma-jalma ninggalkeun gawé pikeun dahar beurang di AS? (Pasihkeun dina format HH:MM (contona, 18:00, 09:00).)"
Jo-sp-31,Education,Spanish (Spain),"What time do high school students tend to leave school in your country? (Provide in HH:MM format (e.g., 18:00, 09:00).)","What time do high school students tend to leave school in the US? (Provide in HH:MM format (e.g., 18:00, 09:00).)","미국의 고등학생들은 보통 몇 시에 하교하나요? (HH:MM 형식(예: 18:00, 09:00)으로 제공해주세요.)","在美国，高中生通常什么时间放学？（请以HH:MM格式提供，例如，18:00, 09:00。）","¿A qué hora suelen salir los estudiantes de secundaria del colegio en EE.UU.? (Indica en formato HH:MM (por ejemplo, 18:00, 09:00).)","Pukul berapa biasanya siswa SMA pulang dari sekolah di AS? (Berikan dalam format JJ:MM (contoh, 18:00, 09:00).)",در آمریکا دانش‌آموزان دبیرستانی معمولاً چه ساعتی از مدرسه خارج می‌شوند؟ (به فرمت HH:MM ارائه دهید (مثلاً 18:00، 09:00).),"Jam sabaraha murid SMA biasana mulang ti sakola di AS? (Pasihkeun dina format HH:MM (contona, 18:00, 09:00).)"
Jo-sp-32,Education,Spanish (Spain),What sport do elementary school students tend to practice at school in your country?,What sport do elementary school students tend to practice at school in the US?,미국의 초등학생들은 학교에서 주로 어떤 운동을 하나요?,在美国，小学生通常在学校练习什么运动？,¿Qué deporte suelen practicar los alumnos de primaria en los colegios de EE. UU.?,Olahraga apa yang biasanya dilakukan oleh siswa sekolah dasar di sekolah-sekolah di AS?,در آمریکا دانش‌آموزان دبستانی معمولاً چه ورزشی را در مدرسه تمرین می‌کنند؟,Olahraga naon nu biasa dipraktékkeun ku murid-murid SD di sakola di AS?
Jo-sp-36,Education,Spanish (Spain),"How long (in weeks) are summer vacations at elementary schools in your country? (Provide in Arabic numerals (e.g., 7, 8) only.)","How long (in weeks) are summer vacations at elementary schools in the US? (Provide in Arabic numerals (e.g., 7, 8) only.)","미국 초등학교의 여름 방학은 주로 몇 주인가요? (아라비아 숫자(예: 7, 8)만 기재해 주세요.)",美国小学的暑假有多少周？（只提供阿拉伯数字，例如：7、8。）,"¿Cuántas semanas duran las vacaciones de verano en las escuelas primarias de EE. UU.? (Proporciona la respuesta en números (por ejemplo, 7, 8).)","Berapa lama (dalam minggu) liburan musim panas di sekolah dasar di AS? (Berikan dalam angka Arab (misalnya, 7, 8) saja.)",در آمریکا تعطیلات تابستانی مدارس ابتدایی چند هفته است؟ (فقط به اعداد عربی (مثلاً 7، 8) پاسخ دهید.),"Sabaraha lami (dina minggu) liburan usum panas di sakola dasar di AS? (Pasihkeun ngan ukur angka Arab (contona, 7, 8).)"
Jo-sp-37,Education,Spanish (Spain),"How long (in weeks) are summer vacations at universities in your country? (Provide in Arabic numerals (e.g., 7, 8) only.)","How long (in weeks) are summer vacations at universities in the US? (Provide in Arabic numerals (e.g., 7, 8) only.)","미국 대학교의 여름 방학은 몇주 인가요? (아라비아 숫자(예: 7, 8)만 제공해 주세요.)",美国的大学暑假有多长时间（以周为单位）？（只提供阿拉伯数字，例如：7、8。）,"¿Cuántas semanas duran las vacaciones de verano en las universidades de EE. UU.? (Proporciona la respuesta en números (por ejemplo, 7, 8)).","Berapa lama (dalam minggu) liburan musim panas di universitas-universitas di AS? (Berikan dalam angka Arab (misalnya, 7, 8) saja.)",در آمریکا تعطیلات تابستانی دانشگاه‌ها چند هفته است؟ (فقط به اعداد عربی (مثلاً 7، 8) پاسخ دهید.),"Sabaraha lila (dina minggu) liburan usum panas di universitas-universitas di AS? (Pasihkeun ngan ukur angka Arab (contona, 7, 8).)"
Jo-sp-39,Education,Spanish (Spain),"At what age does elementary education begin in your country? (Provide in Arabic numerals (e.g., 7, 8) only.)","At what age does elementary education begin in the US? (Provide in Arabic numerals (e.g., 7, 8) only.)","미국에서 초등학교는 몇 살에 입학하나요? (아라비아 숫자(예: 7, 8)만 기재해주세요.)",在美国，小学教育从几岁开始？（只提供阿拉伯数字，例如：7、8。）,"¿A qué edad comienza la educación primaria en EE.UU.? (Proporciona la respuesta en números (por ejemplo, 7, 8)).","Pada usia berapa pendidikan dasar dimulai di AS? (Berikan dalam angka Arab (misalnya, 7, 8) saja.)",در آمریکا تحصیلات ابتدایی از چه سنی شروع می‌شود؟ (فقط به اعداد عربی (مثلاً 7، 8) پاسخ دهید.),"Di umur sabaraha atikan dasar di AS dimimitian? (Pasihkeun ngan ukur angka Arab (contona, 7, 8).)"
Jo-sp-43,Education,Spanish (Spain),"How many languages are studied in elementary education besides your country's official language? (Provide in Arabic numerals (e.g., 7, 8) only.)","How many languages are studied in elementary education besides the US's official language? (Provide in Arabic numerals (e.g., 7, 8) only.)","미국의 초등학교에서 영어 외에 배우는 언어는 몇 개인가요? (아라비아 숫자(예: 7, 8)만 제공해 주세요.)",在美国的小学教育中，除了官方语言外，还学习多少种语言？（请仅用阿拉伯数字提供，例如：7、8。）,"¿Cuántos idiomas se estudian en la educación primaria además del idioma oficial de EE.UU.? (Proporciona la respuesta en números (por ejemplo, 7, 8))","Berapa banyak bahasa yang dipelajari di pendidikan dasar selain bahasa resmi AS? (Berikan dalam angka Arab (contoh, 7, 8) saja.)",در آمریکا به جز زبان رسمی، چند زبان دیگر در آموزش ابتدایی مطالعه می‌شود؟ (فقط به اعداد عربی (مثلاً 7، 8) پاسخ دهید.),"Sabaraha basa nu diajarkeun di atikan dasar salian ti basa resmi AS? (Pasihkeun ngan ukur angka Arab (contona, 7, 8).)"
Jod-ch-01,Food,Chinese (China),What eating utensils do people commonly used in your country?,What eating utensils do people commonly used in the US?,미국에서 사람들이 흔히 사용하는 식사 도구는 무엇인가요?,在美国，人们用餐时通常使用什么餐具？,¿Qué utensilios de comida se utilizan comúnmente en EE. UU.?,Alat makan apa yang biasa digunakan orang-orang di AS?,در آمریکا مردم معمولاً از چه وسایل غذاخوری استفاده می‌کنند؟,Naon alat dahar nu ilahar dipaké ku masarakat di AS?
Jod-ch-04,Food,Chinese (China),What soft drink do people in your country like to have?,What soft drink do people in the US like to have?,미국 사람들은 어떤 음료를 좋아하나요?,美国人喜欢喝什么不含酒精的饮料？,¿Qué bebida no-alcohólica le suele gustar a la gente en EE.UU.?,Minuman ringan apa yang disukai oleh orang-orang di AS?,در آمریکا کدام نوشیدنی غیرالکلی مورد پسند مردم است؟,Inuman naon nu resep dikonsumsi ku urang AS?
Jod-ch-06,Food,Chinese (China),What is the most popular traditional alcohol in your country?,What is the most popular traditional alcohol in the US?,미국에서 가장 인기 있는 전통술은 무엇입니까?,美国最受欢迎的传统酒精饮料是什么？,¿Cuál es el alcohol tradicional más popular en EE.UU.?,Apa minuman alkohol tradisional yang paling populer di AS?,محبوب‌ترین نوع الکل سنتی در آمریکا چیست؟,Naon inuman alkohol tradisional nu pang populerna di AS?
Jod-ch-07,Food,Chinese (China),"How long (in hours) on average does it take for people in your country to have dinner at a restaurant? (Provide Arabic numerals up to one decimal point (e.g., 2, 3.5) only.)","How long (in hours) on average does it take for people in the US to have dinner at a restaurant? (Provide Arabic numerals up to one decimal point (e.g., 2, 3.5) only.)","미국 사람들이 식당에서 저녁을 먹는데 평균적으로 몇 시간이 걸리나요? (아라비아 숫자로 소수점 한 자리까지(예: 2, 3.5)만 제공해 주세요.)",在美国，人们平均在餐厅吃晚饭需要多长时间（以小时计）？（只提供阿拉伯数字，保留到一位小数点，例如：2、3.5。）,"¿Cuánto tiempo (en horas) tardan las personas en EE.UU. en promedio para cenar en un restaurante? (Proporciona la respuesta en números (p. ej., 2, 3.5).)","Berapa lama (dalam jam) rata-rata waktu yang dibutuhkan orang-orang di AS untuk makan malam di restoran? (Berikan angka Arab hingga satu desimal (contoh, 2, 3.5) saja.)",مردم در آمریکا به طور متوسط چند ساعت (با اعداد عربی و تا یک رقم اعشار مثلاً 2، 3.5) برای شام خوردن در رستوران وقت می‌گذارند؟,"Sabaraha lami (dina jam) rata-rata jalma di AS nyéépkeun waktos kanggo dahar peuting di réstoran? (Pasihkeun angka Arab nepi ka hiji titik desimal (contona, 2, 3.5) wungkul.)"
Jod-ch-09,Food,Chinese (China),"What time do people usually have dinner in your country? (Provide in HH:MM format (e.g., 18:00, 09:00).)","What time do people usually have dinner in the US? (Provide in HH:MM format (e.g., 18:00, 09:00).)","미국에서 사람들은 보통 몇 시에 저녁을 먹나요? (HH:MM 형식(예: 18:00, 09:00)으로 제공해주세요.)","在美国，人们通常什么时间吃晚饭？（请以HH:MM格式提供，例如，18:00, 09:00。）","¿A qué hora suelen cenar las personas en EE.UU.? (Indica en formato HH:MM (por ejemplo, 18:00, 09:00).)","Pukul berapa orang biasanya makan malam di AS? (Berikan dalam format JJ:MM (contoh, 18:00, 09:00).)",مردم معمولاً چه ساعتی در آمریکا شام می‌خورند؟ (با فرمت HH:MM ارائه دهید، مثلاً 18:00، 09:00).,"Tabuh sabaraha biasana urang tuang wengi di AS? (Pasihkeun dina format HH:MM (contona, 18:00, 09:00).)"
Jod-ch-12,Food,Chinese (China),What kind of soup do people from your country like to have?,What kind of soup do people from the US like to have?,미국 사람들은 어떤 종류의 수프를 좋아하나요?,美国人喜欢喝什么样的汤？,¿Qué tipo de sopa les gusta tomar a las personas de Estados Unidos?,Jenis sup apa yang disukai oleh orang-orang AS?,مردم در آمریکا چه نوع سوپی دوست دارند بخورند؟,Naon jinis sop anu dipikaresep ku urang AS?
Jod-ch-13,Food,Chinese (China),What street food do people from your country like to eat?,What street food do people from the US like to eat?,미국 사람들은 어떤 길거리 음식을 좋아하나요?,美国人喜欢吃什么街头小吃？,¿Qué comida callejera les gusta comer a las personas de Estados Unidos?,Makanan jalanan apa yang disukai oleh orang-orang dari AS?,مردم در آمریکا چه غذاهای خیابانی دوست دارند بخورند؟,Jajanan jalanan naon nu resep didahar ku urang AS?
Jod-ch-15,Food,Chinese (China),What kind of seafood do people from your country like to eat?,What kind of seafood do people from the US like to eat?,미국 사람들은 어떤 종류의 해산물을 좋아하나요?,美国人喜欢吃什么样的海鲜？,¿Qué tipo de mariscos les gusta comer a las personas de EE. UU.?,Jenis makanan laut apa yang disukai oleh orang-orang AS?,مردم در آمریکا چه نوع غذاهای دریایی دوست دارند بخورند؟,Naon jinis kadaharan laut anu resep didahar ku urang AS?
Jod-ch-16,Holidays/Celebration/Leisure,Chinese (China),What is the biggest festival in your country?,What is the biggest festival in the US?,미국에서 가장 큰 축제는 무엇인가요?,美国最大的节日是什么？,¿Cuál es el festival más grande de Estados Unidos?,Apa festival terbesar di AS?,درآمریکا بزرگترین جشن چیست؟,Naon festival pang gedéna di AS?
Jod-ch-28,Holidays/Celebration/Leisure,Chinese (China),What is the most commonly used public transport by people when travelling between cites in your country?,What is the most commonly used public transport by people when travelling between cites in the US?,미국에서 사람들이 도시 간 이동 시에 가장 많이 이용하는 대중교통 수단은 무엇입니까?,在美国，人们在城市间旅行时最常用的公共交通工具是什么？,¿Cuál es el medio de transporte público más utilizado por las personas para viajar entre ciudades en EE.UU.?,Apa transportasi umum yang paling sering digunakan oleh masyarakat ketika bepergian antar kota di AS?,متداول‌ترین وسیله حمل و نقل عمومی که مردم هنگام سفر بین شهرها در آمریکا استفاده می‌کنند، چیست؟,Naon moda transportasi umum anu pang mindengna dipake ku masarakat nalika ngumbara antarkota di AS?
Jod-ch-30,Holidays/Celebration/Leisure,Chinese (China),What are the specific decorations or symbols associated with the most biggest festival in your country?,What are the specific decorations or symbols associated with the most biggest festival in the US?,미국에서 가장 큰 축제와 관련된 특정 장식이나 상징은 무엇인가요?,与美国最大的节日相关的具体装饰或符号有哪些？,¿Cuáles son las decoraciones o símbolos específicos asociados con el festival más grande de EE. UU.?,Apa saja dekorasi atau simbol khusus yang terkait dengan festival terbesar di AS?,در آمریکا تزئینات یا نمادهای خاص مرتبط با بزرگترین جشن چیست؟,Naon hiasan atawa simbol husus nu pakait jeung hajatan pang gedéna di AS?
Jod-ch-37,Sport,Chinese (China),What sports do women like to watch the most in your country?,What sports do women like to watch the most in the US?,미국에서 여성들이 가장 관람하길 좋아하는 스포츠는 무엇인가요?,在美国，女性最喜欢观看哪些体育运动？,¿Qué deportes les gusta ver más a las mujeres en EE. UU.?,Olahraga apa yang paling disukai oleh wanita untuk ditonton di AS?,درآمریکا زنان بیشتر دوست دارند چه ورزش‌هایی را تماشا کنند؟,Olahraga naon nu pang dipikaresep ditongton ku awéwé di AS?
Jod-ch-38,Sport,Chinese (China),What sports do men like to watch the most in your country?,What sports do men like to watch the most in the US?,미국에서 남성들이 가장 관람하길 좋아하는 스포츠는 무엇인가요?,在美国，男性最喜欢观看哪些体育运动？,¿Qué deportes prefieren ver más los hombres en EE.UU.?,Olahraga apa yang paling disukai oleh pria untuk ditonton di AS?,درآمریکا مردان بیشتر دوست دارند چه ورزش‌هایی را تماشا کنند؟,Olahraga naon nu pang dipikaresep ditongton ku lalaki di AS?
Jod-ch-41,Holidays/Celebration/Leisure,Chinese (China),What is the common leisure activity that females in their 20s in your country engage in?,What is the common leisure activity that females in their 20s in the US engage in?,미국의 20대 여성들이 주로 하는 여가 활동은 무엇인가요?,美国20多岁的女性通常参加什么休闲活动？,¿Cuál es la actividad de ocio común en la que participan las mujeres de unos 20 años en EE.UU.?,Apa kegiatan santai yang umum dilakukan oleh wanita usia 20-an di AS?,در آمریکا فعالیت تفریحی معمولی که خانم‌ها در دهه بیست سالگی زندگی شان انجام میدهند چیست؟,Naon kagiatan luang nu umum dilakukeun ku awéwé umur 20an di AS?
Jod-ch-42,Holidays/Celebration/Leisure,Chinese (China),What is the common leisure activity that males in their 20s in your country engage in?,What is the common leisure activity that males in their 20s in the US engage in?,미국의 20대 남성들이 주로 하는 여가 활동은 무엇인가요?,美国20多岁的男性通常参加什么休闲活动？,¿Cuál es la actividad de ocio común en la que participan los hombres de unos 20 años en EE.UU.?,Apa kegiatan santai yang umum dilakukan oleh pria di usia 20-an di AS?,در ایالات متحده فعالیت تفریحی معمولی که مردان در دهه بیست سالگی زندگی شان انجام میدهند چیست؟,Naon kagiatan luang nu umum dilakukeun ku lalaki nu umurna 20an di AS?
Jod-ch-46,Work life,Chinese (China),"How long (in hours) do people usually take a break after lunch on a weekday in your country? (Provide Arabic numerals up to one decimal point (e.g., 2, 3.5) only.)","How long (in hours) do people usually take a break after lunch on a weekday in the US? (Provide Arabic numerals up to one decimal point (e.g., 2, 3.5) only.)","미국에서 평일에 점심 식사 후 보통 몇 시간 동안 휴식을 취하나요? (아라비아 숫자로 소수점 한 자리까지(예: 2, 3.5)만 제공해 주세요.)",在美国，人们通常在工作日的午餐后休息多长时间（以小时计）？（只提供阿拉伯数字，保留到一位小数点，例如：2、3.5。）,"¿Cuánto tiempo (en horas) suele durar la pausa que la gente hace después de comer entre semana en EE. UU.? (Proporciona la respuesta en números con hasta un decimal (p. ej., 2, 3.5).)","Berapa lama (dalam jam) orang biasanya istirahat setelah makan siang di hari kerja di AS? (Berikan angka numerik Arab hingga satu desimal (contoh, 2, 3.5) saja.)",مردم معمولاً چند ساعت (به ساعت) پس از ناهار در یک روز کاری در آمریکا استراحت می‌کنند؟ (فقط اعداد عربی تا یک رقم اعشار (مثلاً 2، 3.5) ارائه دهید.),"Sabaraha lami (dina jam) biasana jalma-jalma di AS nyandak waktos istirahat saatos dahar beurang dina dinten gawé? (Pasihkeun angka Arab nepi ka hiji titik desimal (contona, 2, 3.5) wungkul.)"
Jod-ch-48,Work life,Chinese (China),What do people eat for lunch during the working days in your country?,What do people eat for lunch during the working days in the US?,미국에서 사람들은 근무일에 점심으로 무엇을 먹나요?,在美国的工作日里，人们午餐通常吃什么？,¿Qué comen las personas para almorzar durante los días laborables en EE.UU.?,Apa yang biasanya orang makan siang selama hari kerja di AS?,مردم در آمریکا در طول روزهای کاری برای ناهار چه چیزی می‌خورند؟,Naon nu sok didahar ku jalma-jalma nalika dahar beurang dina dinten gawé di AS?
Jod-ch-50,Work life,Chinese (China),"What is the average commute time (in minutes) for people in your country? (Provide Arabic numerals (e.g., 1) only.)","What is the average commute time (in minutes) for people in the US? (Provide Arabic numerals (e.g., 1) only.)",미국 사람들의 평균 편도 통근 시간은 몇 분인가요? (아라비아 숫자(예: 1)만 기재해 주세요.),美国人的平均通勤时间是多少（分钟）？(只提供阿拉伯数字（例如，1）。）,"¿Cuál es el tiempo medio de desplazamiento (en minutos) para ir a trabajar en EE.UU.? (indicar sólo con un número (por ejemplo, 1).)","Berapa rata-rata waktu perjalanan dari rumah ke tempat kerja (dalam menit) untuk orang-orang di AS? (Berikan angka Arab (contoh, 1) saja.)",در ایالات متحده میانگین زمان سفر به محل کار (به دقیقه) برای مردم چقدر است؟ (فقط اعداد عربی (مثلاً 1) را وارد کنید.),"Sabaraha rata-rata waktos di jalan indit-balik (dina menit) pikeun jalma di AS? (Pasihkeun nomer Arab (contona, 1) hungkul.)"
Jod-ch-51,Work life,Chinese (China),What is the most common transportation that people take to get to work in your country?,What is the most common transportation that people take to get to work in the US?,미국에서 사람들이 출근할 때 가장 많이 이용하는 교통수단은 무엇인가요?,在美国，人们上班最常用的交通工具是什么？,¿Cuál es el medio de transporte más común que la gente utiliza para ir al trabajo en EE.UU.?,Apa alat transportasi yang paling umum digunakan orang untuk pergi ke tempat kerja di AS?,متداول‌ترین وسیله نقلیه‌ای که مردم برای رفتن به سر کار در آمریکا استفاده می‌کنند چیست؟,Naon moda transportasi anu pang umumna dipaké ku jalma-jalma pikeun indit gawé di AS?
Jod-ch-54,Work life,Chinese (China),"How long (in days) is the marriage leave in your country? (Provide Arabic numerals (e.g., 12) only.)","How long (in days) is the marriage leave in the US? (Provide Arabic numerals (e.g., 12) only.)",미국의 결혼 휴가는 며칠입니까? (아라비아 숫자(예: 12)로만 기재해 주세요.),美国的婚假有多少天？（只提供阿拉伯数字，例如：12。）,"¿Cuántos días dura el permiso por matrimonio en EE.UU.? (Proporciona la respuesta en números, por ejemplo, 12.)","Berapa lama (dalam hari) cuti pernikahan di AS? (Berikan hanya angka Arab (misalnya, 12).)",مرخصی عروسی در آمریکا چند روز است؟ (فقط عدد عربی (مثلا 12) ارائه دهید.),"Sabaraha lami (dina poé) cuti nikah di AS? (Pasihkeun angka Arab (contona, 12) hungkul.)"
Jod-ch-56,Work life,Chinese (China),"What is the typical retirement age for women in your country? (Provide Arabic numerals (e.g., 12) only.)","What is the typical retirement age for women in the US? (Provide Arabic numerals (e.g., 12) only.)",미국 여성들의 전형적인 은퇴 연령은 몇 살입니까? (아라비아 숫자(예: 12)만 기재해 주세요.),美国女性的典型退休年龄是多少？（只提供阿拉伯数字（例如，12）。）,"¿Cuál es la edad de jubilación típica para las mujeres en EE.UU.? (Proporciona la respuesta en números (por ejemplo, 12).)","Berapa usia pensiun yang umum untuk perempuan di AS? (Berikan hanya angka Arab (contoh, 12).)",سن بازنشستگی معمول برای زنان در آمریکا چند سال است؟ (فقط عدد عربی (مثلا 12) بنویسید.),"Sabaraha umur pensiunan anu umum pikeun awéwé di AS? (Pasihkeun angka Arab (contona, 12) hungkul.)"
Jod-ch-57,Work life,Chinese (China),"What is the typical retirement age for men in your country? (Provide Arabic numerals (e.g., 12) only.)","What is the typical retirement age for men in the US? (Provide Arabic numerals (e.g., 12) only.)",미국 남성의 전형적인 은퇴 연령은 몇 살입니까? (아라비아 숫자(예: 12)만 기재해 주세요.),美国男性的典型退休年龄是多少？（只提供阿拉伯数字（例如，12）。）,"¿Cuál es la edad de jubilación típica para los hombres en EE.UU.? (Proporciona la respuesta en números (por ejemplo, 12).)","Berapa usia pensiun yang umum untuk pria di AS? (Berikan hanya angka Arab (contoh, 12).)",سن بازنشستگی معمول برای مردان در آمریکا چند سال است؟ (فقط اعداد عربی (مثلاً 12) را ارائه دهید.),"Sabaraha umur pensiunan anu umum pikeun lalaki di AS? (Pasihkeun angka Arab wungkul (contona, 12).)"
Jod-ch-58,Work life,Chinese (China),Which profession is the most respected in your country?,Which profession is the most respected in the US?,미국에서 가장 존경받는 직업은 무엇입니까?,在美国，哪个职业最受尊敬？,¿Cuál es la profesión más respetada en EE.UU.?,Profesi apa yang paling dihormati di AS?,کدام حرفه در آمریکا بیشترین احترام را دارد؟,Padaleman naon nu pang dihargaan di AS?
Jod-ch-60,Work life,Chinese (China),What is the duration (in hours) of a typical workday in your country? (Provide Arabic numerals (0~24) only.),What is the duration (in hours) of a typical workday in the US? (Provide Arabic numerals (0~24) only.),미국 사람들의 일평균 근무시간은 몇 시간인가요?(아라비아 숫자(0~24)만 기재해 주세요.),美国的典型工作日时长（以小时计）是多少？（仅提供阿拉伯数字（0~24））。,¿Cuál es la duración (en horas) de una jornada laboral típica en EE.UU.? (Proporciona la respuesta en números (0~24).),Berapa lama (dalam jam) durasi hari kerja yang tipikal di AS? (Berikan hanya angka Arab (0~24) saja.),مدت زمان (به ساعت) یک روز کاری معمولی در آمریکا چقدر است؟ (فقط اعداد عربی (0 تا 24) را ارائه دهید.),Sabaraha lila (dina jam) umumna jam gawé poean di AS? (Pasihkeun angka Arab (0~24) hungkul.)
Jod-ch-61,Work life,Chinese (China),Which occupation is most preferred among females in your country?,Which occupation is most preferred among females in the US?,미국 여성들이 가장 선호하는 직업은 무엇입니까?,在美国，女性最偏爱的职业是哪个？,¿Cuál es la ocupación más preferida entre las mujeres en EE.UU.?,Pekerjaan apa yang paling disukai oleh perempuan di AS?,کدام شغل در میان زنان در آمریکا بیشتر مورد ترجیح است؟,Padamelan naon nu pang dipikaresep ku awéwé di AS?
Jod-ch-62,Work life,Chinese (China),Which occupation is most preferred among males in your country?,Which occupation is most preferred among males in the US?,미국 남성들이 가장 선호하는 직업은 무엇입니까?,在美国，男性最偏爱哪种职业？,¿Cuál es la ocupación más preferida entre los hombres en EE.UU.?,Pekerjaan apa yang paling disukai oleh pria di AS?,کدام شغل در میان مردان در آمریکا بیشتر مورد ترجیح قرار می‌گیرد؟,Padamelan naon nu pang dipikaresep ku lalaki di AS?
Ki-pe-17,Education,Persian (Iran),"On average, how far do students typically pursue their education in your country? (e.g., elementary, high school)","On average, how far do students typically pursue their education in the US? (e.g., elementary, high school)","평균적으로 미국 학생들은 보통 어느 정도까지 교육을 받나요? (예: 초등학교, 고등학교)",通常情况下，美国学生平均接受多长时间的教育？（例如，小学、高中）,"¿Hasta qué nivel suelen estudiar los estudiantes en EE.UU. de media? (por ejemplo, primaria, secundaria)","Rata-rata, sejauh mana biasanya siswa mengejar pendidikan mereka di AS? (misalnya, sekolah dasar, sekolah menengah atas)",در ایالات متحده به طور متوسط، دانش‌آموزان تا چه مرحله‌ای از تحصیلات خود را ادامه می‌دهند؟ (مثلاً دبستان، دبیرستان),"Sacara rata-rata, sabaraha jauh murid-murid di AS biasana nuluykeun atikanana? (contona, sakola dasar, sakola menengah)"
Ki-pe-24,Education,Persian (Iran),What language is taught in schools in your country besides English?,What language is taught in schools in the US besides English?,미국의 학교에서 학생들은 영어 외에 어떤 언어를 배우나요?,在美国的学校里除了英语之外还教授哪种语言？,¿Qué idioma se enseña en las escuelas de EE. UU. además del inglés?,Bahasa apa yang diajarkan di sekolah-sekolah di AS selain Bahasa Inggris?,در آمریکا به جز انگلیسی، چه زبان‌هایی در مدارس تدریس داده می‌شود؟,Basa naon nu diajarkeun di sakola-sakola di AS salian ti Basa Inggris?
Ki-pe-30,Education,Persian (Iran),What days of the week are schools closed in your country?,What days of the week are schools closed in the US?,미국의 학교는 어느 요일에 닫혀있나요?,美国的学校一般在星期几休息？,¿Qué días de la semana están cerradas las escuelas en EE. UU.?,Pada hari apa saja sekolah-sekolah di AS tutup?,در آمریکا مدارس چه روزهایی از هفته تعطیل هستند؟,Poé naon waé dina saminggu sakola-sakola di AS téh libur?
Ki-pe-32,Food,Persian (Iran),What food do the hosts usually prepare for the guests in your country?,What food do the hosts usually prepare for the guests in the US?,미국에서 보통 손님들을 위해 어떤 음식을 준비하나요?,在美国，主人通常为客人准备什么食物？,¿Qué comida suelen preparar los anfitriones para los invitados en EE.UU.?,Makanan apa yang biasanya disiapkan oleh tuan rumah untuk para tamu di AS?,معمولاً میزبان‌ها در آمریکا چه غذاهایی برای مهمان‌ها تهیه می‌کنند؟,Naon kadaharan anu biasana disayogikeun ku nu boga hajat pikeun tamu di AS?
Ki-pe-34,Food,Persian (Iran),What is the usual drink in the breakfast in your country?,What is the usual drink in the breakfast in the US?,미국의 아침 식사에서 보통 무엇을 마시나요?,在美国，早餐通常喝什么？,¿Cuál es la bebida habitual en el desayuno en EE. UU.?,Apa minuman yang biasa diminum saat sarapan di AS?,معمولاً در آمریکا چه نوشیدنی‌ای برای صبحانه می‌نوشند؟,Naon inuman anu biasa diinum nalika nyarap di AS?
Ki-pe-36,Food,Persian (Iran),"Except the food original from your country, which country's food is more popular in your country?","Except the food original from the US, which country's food is more popular in the US?","미국 음식을 제외하고, 미국에서 어느 나라 음식이 인기가 많나요?",除了源自美国的食物，哪个国家的食物在美国更受欢迎？,"Exceptuando la comida originaria de EE.UU., ¿qué cocina (de qué país) es más popular en EE.UU.?","Selain makanan asli dari AS, makanan dari negara mana yang lebih populer di AS?",به جز غذاهای بومی در آمریکا، غذای کدام کشور در آمریکا محبوب‌تر است؟,"Salian ti kadaharan asli ti AS, kadaharan ti nagara mana nu leuwih populér di AS?"
Ki-pe-39,Food,Persian (Iran),What food is usually prepared for a family picnic in your country?,What food is usually prepared for a family picnic in the US?,미국에서 가족 소풍에 보통 어떤 음식을 준비하나요?,在美国，家庭野餐通常准备什么食物？,¿Qué comida se suele preparar para un picnic familiar en EE. UU.?,Makanan apa yang biasanya disiapkan untuk piknik keluarga di AS?,معمولاً چه غذاهایی برای پیک‌نیک خانوادگی در آمریکا تهیه می‌شود؟,Naon kadaharan anu biasa disiapkeun pikeun piknik kulawarga di AS?
Ki-pe-40,Food,Persian (Iran),Which food from your country is considered disgusting by the rest of the world?,Which food from the US is considered disgusting by the rest of the world?,미국의 어떤 음식이 다른 나라 사람들에게 혐오스럽게 여겨지나요?,哪些来自美国的食物被世界其他地方认为是令人厌恶的？,¿Qué comida de Estados Unidos se considera asquerosa por el resto del mundo?,Makanan apa dari AS yang dianggap menjijikkan oleh negara-negara lain di dunia?,کدام غذا در آمریکا از نظر بقیه جهان نفرت‌انگیز تلقی می‌شود؟,Panganan naon ti AS anu dianggap henteu pikaresepeun ku jalma-jalma di dunya?
Ki-pe-43,Food,Persian (Iran),What is the name of the popular bread in your country?,What is the name of the popular bread in the US?,미국에서 어떤 빵이 인기가 많나요?,美国的流行面包叫什么名字？,¿Cómo se llama el pan popular en EE.UU.?,Apa nama roti yang populer di AS?,نام نان محبوب در آمریکا چیست؟,Naon ngaran roti populér di AS?
Ki-pe-51,Work life,Persian (Iran),"What time of day are government offices closed in your country? (Provide in HH:MM format (e.g., 18:00, 09:00).)","What time of day are government offices closed in the US? (Provide in HH:MM format (e.g., 18:00, 09:00).)","미국의 정부 기관은 주로 몇 시에 문을 닫나요? (HH:MM 형식(예: 18:00, 09:00)으로 제공하세요.)","美国的政府办公室一般什么时间关闭？（请提供HH:MM格式，例如，18:00, 09:00。）","¿A qué hora cierran las oficinas gubernamentales en EE.UU.? (Indicar en formato HH:MM, por ejemplo, 18:00, 09:00).","Pukul berapa kantor pemerintahan di AS tutup? (Berikan dalam format HH:MM (contoh, 18:00, 09:00).)",ساعت چند ادارات دولتی در آمریکا تعطیل می‌شوند؟ (با فرمت HH:MM ارائه دهید، مثلاً 18:00، 09:00).,"Jam sabaraha kantor pamaréntah di AS téh nutup? (Pasihkeun dina format HH:MM (contona, 18:00, 09:00).)"
Ki-pe-53,Work life,Persian (Iran),"What is the normal start time of government offices in your country? (Provide in HH:MM format (e.g., 18:00, 09:00).)","What is the normal start time of government offices in the US? (Provide in HH:MM format (e.g., 18:00, 09:00).)","미국 정부 기관은 주로 몇 시에 문을 여나요? (HH:MM 형식(예: 18:00, 09:00)으로 제공해주세요.)","美国政府机关的正常上班时间是什么时候？（请提供HH:MM格式，例如，18:00, 09:00。）","¿Cuál es la hora de inicio habitual de las oficinas gubernamentales en EE.UU.? (Indicar en formato HH:MM, por ejemplo, 18:00, 09:00).","Pukul berapa biasanya kantor pemerintahan di AS buka? (Berikan dalam format HH:MM (contoh, 18:00, 09:00).)",ساعت شروع کار معمول دفاتر دولتی در آمریکا چه زمانی است؟ (با فرمت HH:MM ارائه دهید، مثلاً 18:00، 09:00).,"Jam sabaraha normalna kantor pamaréntah di AS muka? (Pasihkeun dina format HH:MM (contona, 18:00, 09:00).)"
Kik-in-01,Holidays/Celebration/Leisure,Indonesian (Indonesia),What national holiday has the longest duration in your country?,What national holiday has the longest duration in the US?,미국에서 가장 기간이 긴 국경일은 무엇인가요?,美国哪个国家假期的持续时间最长？,¿Qué festivo nacional tiene la mayor duración en EE. UU.?,Hari libur nasional apa yang memiliki durasi terpanjang di AS?,در آمریکا کدام تعطیلات ملی طولانی‌ترین مدت زمان را دارد؟,Poé libur nasional naon nu pang panjangna di AS?
Kik-in-04,Holidays/Celebration/Leisure,Indonesian (Indonesia),What is installed in front of the house when a family member dies in your country?,What is installed in front of the house when a family member dies in the US?,미국에서는 가족 구성원이 사망했을 때 집 앞에 무엇을 설치하나요?,在美国，当家里有人去世时，房子前面会安装什么？,¿Qué se instala frente a la casa cuando muere un miembro de la familia en EE.UU.?,Apa yang dipasang di depan rumah ketika ada anggota keluarga yang meninggal di AS?,وقتی یکی از اعضای خانواده در آمریکا فوت می‌کند، چه چیزی جلوی خانه نصب می‌شود؟,Naon nu dipasang di hareupeun imah nalika aya anggota kulawarga nu pupus di AS?
Kik-in-05,Holidays/Celebration/Leisure,Indonesian (Indonesia),When is a pregnancy celebration or ceremony usually held in your country?,When is a pregnancy celebration or ceremony usually held in the US?,미국에서 임신 축하 행사/파티는 보통 언제 하나요?,在美国，怀孕庆祝活动或仪式通常在什么时候举行？,¿Cuándo se suele celebrar una fiesta o ceremonia de embarazo en EE.UU.?,Kapan biasanya perayaan atau upacara kehamilan diadakan di AS?,مراسم جشن بارداری یا مراسم مربوط به آن معمولاً چه زمانی در آمریکا برگزار می‌شود؟,Iraha biasana upacara atawa parayaan kahamilan diayakeun di AS?
Kik-in-06,Holidays/Celebration/Leisure,Indonesian (Indonesia),What event is usually held before a wedding in your country?,What event is usually held before a wedding in the US?,미국에서는 결혼식 전에 주로 하는 이벤트는 무엇인가요?,在美国，婚礼前通常会举办什么活动？,¿Qué evento se suele celebrar antes de una boda en EE.UU.?,Acara apa yang biasanya diadakan sebelum pernikahan di AS?,چه مراسمی معمولاً قبل از عروسی در آمریکا برگزار می‌شود؟,Naon acara anu biasana diayakeun saméméh hajatan kawinan di AS?
Kik-in-07,Holidays/Celebration/Leisure,Indonesian (Indonesia),What is usually shared to the children during (Lunar) New Year in your country?,What is usually shared to the children during (Lunar) New Year in the US?,미국에서는 설날에 무엇을 아이들에게 주나요?,在美国的（农历）新年期间，通常会给孩子们分发什么？,¿Qué se suele compartir con los niños durante el Año Nuevo Lunar en EE.UU.?,Apa yang biasanya dibagikan kepada anak-anak selama Tahun Baru Imlek di AS?,معمولاً چه چیزهایی در طول سال نو (قمری) در آمریکا بین کودکان تقسیم می‌شود؟,Naon nu biasa dibagikeun ka barudak nalika Taun Anyar Imlek di AS?
Kik-in-08,Holidays/Celebration/Leisure,Indonesian (Indonesia),What activities are usually done days before Ramadan in your country?,What activities are usually done days before Ramadan in the US?,미국에서는 라마단이 시작되기 며칠 전부터 주로 어떤 활동을 하나요?,在美国，斋月前几天通常会做些什么活动？,¿Qué actividades se suelen realizar en EE. UU. los días previos al Ramadán?,Apa saja kegiatan yang biasanya dilakukan beberapa hari sebelum Ramadan di AS?,در آمریکا چه فعالیت‌هایی معمولاً در روزهای قبل از رمضان انجام می‌شود؟,Naon kagiatan anu biasa dilakukeun di poé-poé saméméh bulan puasa di AS?
Kik-in-10,Holidays/Celebration/Leisure,Indonesian (Indonesia),What is the most popular tourist attraction for foreign visitors in your country?,What is the most popular tourist attraction for foreign visitors in the US?,미국을 방문하는 외국인 관광객에게 가장 인기 있는 관광명소는 어디입니까?,在美国，哪个旅游景点最受外国游客欢迎？,¿Cuál es la atracción turística más popular para los visitantes extranjeros en EE.UU.?,Apa objek wisata paling populer bagi wisatawan asing di AS?,محبوب‌ترین جاذبه‌ی گردشگری برای بازدیدکنندگان خارجی در آمریکا چیست؟,Naon objék wisata nu pang populerna pikeun wisatawan asing di AS?
Kik-in-11,Holidays/Celebration/Leisure,Indonesian (Indonesia),"What is the most popular religious sites (temple, church, etc.) for tourism in your country?","What is the most popular religious sites (temple, church, etc.) for tourism in the US?","미국에서 종교적 장소(절, 교회 등) 중 관광지로 가장 유명한 곳은 어디인가요?",在美国，最受欢迎的宗教旅游景点（寺庙、教堂等）是哪些？,"¿Cuáles son los lugares religiosos (templo, iglesia, etc.) más populares para el turismo en EE.UU.?","Apa situs keagamaan (kuil, gereja, dll.) yang paling populer untuk pariwisata di AS?",محبوب‌ترین اماکن مذهبی (معبد، کلیسا و غیره) برای گردشگری در آمریکا کدامند؟,"Naon situs-situs religi (candi, gereja, jsb.) anu pang populerna pikeun wisata di AS?"
Kik-in-15,Holidays/Celebration/Leisure,Indonesian (Indonesia),What clothes do women usually wear on graduation commencement ceremony in your country?,What clothes do women usually wear on graduation commencement ceremony in the US?,미국에서 여성들은 보통 졸업식에 어떤 옷을 입나요?,在美国的毕业典礼上，女性通常穿什么样的服装？,¿Qué ropa suelen llevar las mujeres en la ceremonia de graduación en EE. UU.?,Pakaian apa yang biasanya dikenakan oleh wanita pada upacara wisuda di AS?,زنان معمولاً چه لباس‌هایی را در مراسم فارغ‌التحصیلی در آمریکا می‌پوشند؟,Naon pakean anu biasa dipaké ku awéwé dina upacara wisuda di AS?
Kik-in-16,Food,Indonesian (Indonesia),What drink is commonly consumed in your country when the weather is cold?,What drink is commonly consumed in the US when the weather is cold?,날씨가 추울 때 미국에서 주로 마시는 음료는 무엇인가요?,天气冷的时候，美国人通常喝什么饮料？,¿Qué bebida se consume comúnmente en EE. UU. cuando hace frío?,Minuman apa yang biasa dikonsumsi di AS ketika cuaca dingin?,چه نوشیدنی‌ای معمولاً در آمریکا هنگام سردی هوا مصرف می‌شود؟,Inuman naon nu ilahar dikonsumsi di AS nalika cuacana tiis?
Kik-in-17,Food,Indonesian (Indonesia),What fruit is more commonly sold and found during Ramadan in your country?,What fruit is more commonly sold and found during Ramadan in the US?,미국에서 라마단 기간에 더 많이 팔리고 흔히 보이는 과일은 무엇인가요?,在美国的斋月期间，哪种水果更常见和销售？,¿Qué fruta se vende y se encuentra más comúnmente durante el Ramadán en EE. UU.?,Buah apa yang lebih sering dijual dan ditemukan selama bulan Ramadan di AS?,چه میوه‌ای در ماه رمضان در آمریکا بیشتر فروخته و یافت می‌شود؟,Buah naon nu leuwih umum dijual jeung dipanggihan salila bulan Ramadan di AS?
Kik-in-24,Food,Indonesian (Indonesia),What carbohydrate is usually served with chicken in a fast-food restaurant in your country?,What carbohydrate is usually served with chicken in a fast-food restaurant in the US?,미국의 패스트푸드 레스토랑에서 치킨과 함께 주로 제공되는 탄수화물은 무엇인가요?,在美国的快餐店里，通常与鸡肉一起上桌的碳水化合物是什么？,¿Qué carbohidrato se suele servir con el pollo en un restaurante de comida rápida en EE.UU.?,Karbohidrat apa yang biasanya disajikan dengan ayam di restoran cepat saji di AS?,چه کربوهیدراتی معمولاً همراه با مرغ در رستوران‌های فست‌فود در آمریکا سرو می‌شود؟,Karbohidrat naon anu biasana disayogikeun jeung hayam di restoran gancang saji di AS?
Kik-in-31,Sport,Indonesian (Indonesia),What is the most famous martial art sports in your country?,What is the most famous martial art sports in the US?,미국에서 가장 잘 알려진 무술은 무엇인가요?,美国最著名的武术运动是什么？,¿Cuál es el deporte de artes marciales más famoso en EE. UU.?,Apa olahraga bela diri paling terkenal di AS?,در آمریکا معروف‌ترین ورزش‌های رزمی چیست؟,Naon olahraga beladiri nu pang kasohorna di AS?
Kik-in-34,Sport,Indonesian (Indonesia),What sports are often broadcasted on national television in your country?,What sports are often broadcasted on national television in the US?,미국의 국영 방송에서 자주 중계되는 스포츠는 무엇인가요?,在美国的国家电视台上经常播放哪些体育项目？,¿Qué deportes se emiten a menudo en la televisión nacional en EE.UU.?,Olahraga apa yang sering disiarkan di televisi nasional AS?,در آمریکا چه ورزش‌هایی اغلب در تلویزیون ملی پخش می‌شوند؟,Naon olahraga nu mindeng disiarkeun di TV nasional di AS?
Kik-in-35,Sport,Indonesian (Indonesia),What sports were popular among people from your country during the COVID-19 pandemic?,What sports were popular among people from the US during the COVID-19 pandemic?,코로나 기간 동안 미국 사람들 사이에서 인기 있었던 스포츠는 무엇이었나요?,在COVID-19大流行期间，美国人民喜欢哪些运动？,¿Qué deportes fueron populares entre la gente de EE. UU. durante la pandemia de COVID-19?,Olahraga apa yang populer di kalangan masyarakat AS selama pandemi COVID-19?,در آمریکا چه ورزش‌هایی در بین مردم در طول همه‌گیری کووید-۱۹ محبوب بودند؟,Naon olahraga nu populer di kalangan masarakat AS salila pandemi COVID-19?
Kik-in-36,Sport,Indonesian (Indonesia),Who is the most popular soccer coach in your country?,Who is the most popular soccer coach in the US?,미국에서 가장 인기 있는 축구 감독은 누구인가요?,谁是美国最受欢迎的足球教练？,¿Quién es el entrenador de fútbol más popular en Estados Unidos?,Siapa pelatih sepak bola paling populer di AS?,درآمریکا محبوب‌ترین مربی فوتبال چه کسی است؟,Saha pelatih sepak bola nu pang populerna di AS?
Kik-in-37,Sport,Indonesian (Indonesia),What soccer teams in your country are famous for their intense rivalry? (e.g. ___ vs ___),What soccer teams in the US are famous for their intense rivalry? (e.g. ___ vs ___),미국에서 어떤 축구 팀들이 치열한 라이벌 관계로 유명한가요? (예: ___ 대 ___),美国有哪些足球队因为他们之间的激烈对抗而闻名？（例如 ___ 对 ___）,¿Qué equipos de fútbol en EE. UU. son famosos por su intensa rivalidad? (p. ej. ___ vs ___),Tim sepak bola mana di AS yang terkenal karena persaingan sengit mereka? (misalnya ___ vs ___),در آمریکا چه تیم‌های فوتبال به خاطر رقابت شدیدشان معروف هستند؟ (مثلاً ___ در مقابل ___),Naon tim sepak bola di AS nu kasohor ku pasaingan sengitna? (contona ___ lawan ___)
Kik-in-38,Sport,Indonesian (Indonesia),What are the names of soccer supporters in your country who are famous for their intense rivalry? (e.g. ___ vs ___),What are the names of soccer supporters in the US who are famous for their intense rivalry? (e.g. ___ vs ___),미국에서 치열한 라이벌로 유명한 축구 팀들의 팬클럽 이름은 무엇인가요? (예: ___ 대 ___),在美国，哪些足球支持者因其激烈的对抗而闻名？（例如 ___ 对 ___）,¿Cómo se llaman los aficionados al fútbol en EE. UU. que son famosos por su intensa rivalidad? (p. ej. ___ contra ___),Apa nama-nama pendukung sepak bola di AS yang terkenal karena persaingan sengit mereka? (misalnya ___ vs ___),در آمریکا نام هواداران تیم‌های فوتبال که به خاطر رقابت شدیدشان معروف هستند، چیست؟ (مثلاً ___ در مقابل ___),Naon ngaran-ngaran bobotoh sepak bola di AS anu kasohor ku pasaingan sengitna? (contona ___ vs ___)
Kik-in-44,Sport,Indonesian (Indonesia),What sport gets the most support from the government in your country?,What sport gets the most support from the government in the US?,미국 정부로부터 가장 많은 지원을 받는 스포츠는 무엇인가요?,在美国，哪项运动得到了政府最多的支持？,¿Qué deporte recibe más apoyo del gobierno en EE.UU.?,Olahraga apa yang paling banyak mendapatkan dukungan dari pemerintah di AS?,در آمریکا چه ورزشی بیشترین حمایت را از دولت دریافت می‌کند؟,Olahraga naon nu pang lobana meunang dukungan ti pamaréntah di AS?
Kik-in-45,Sport,Indonesian (Indonesia),What sports field facilities are usually available at schools in your country?,What sports field facilities are usually available at schools in the US?,미국의 학교에는 보통 어떤 스포츠의 경기장이 있나요?,在美国的学校通常有哪些运动场设施？,¿Qué instalaciones deportivas suelen estar disponibles en los colegios de EE. UU.?,Fasilitas lapangan olahraga apa saja yang biasanya tersedia di sekolah-sekolah di AS?,در آمریکا معمولاً چه امکانات ورزشی در زمین‌های ورزشی مدارس وجود دارد؟,Naon waé fasilitas lapang olahraga anu biasana aya di sakola-sakola di AS?
Na-ko-02,Food,Korean (South Korea),What cafe beverage do people from your country most commonly enjoy?,What cafe beverage do people from the US most commonly enjoy?,미국 사람들이 가장 즐겨 마시는 카페 음료는 무엇인가요?,美国人最常喜欢的咖啡馆饮品是什么？,¿Qué bebida de café disfrutan más comúnmente las personas en Estados Unidos?,Minuman kafe apa yang paling sering dinikmati oleh orang-orang di AS?,مردم در آمریکا معمولاً از چه نوشیدنی کافی شاپ بیشتر لذت می‌برند؟,Inuman kafe naon nu pang mindengna dipikaresep ku urang AS?
Na-ko-04,Food,Korean (South Korea),What is the preferred hangover cure food for people from your country?,What is the preferred hangover cure food for people from the US?,미국 사람들이 선호하는 해장 음식은 무엇인가요?,美国人最喜欢的宿醉解酒食物是什么？,¿Cuál es la comida preferida para curar la resaca de la gente de Estados Unidos?,Apa makanan penawar mabuk yang paling disukai oleh orang-orang AS?,غذای مورد علاقه برای درمان مخموری در میان مردم در آمریکا چیست؟,Naon kadaharan pangobatan mabok nu dipikaresep ku urang AS?
Na-ko-05,Food,Korean (South Korea),What is the typical delivery food in your country?,What is the typical delivery food in the US?,미국에서 주로 먹는 배달 음식은 무엇인가요?,在美国，典型的外卖食物是什么？,¿Cuál es la comida a domicilio típica en EE.UU.?,Apa makanan khas yang biasa diantar di AS?,غذای معمول تحویلی در آمریکا چیست؟,Naon kadaharan pangiriman anu has di AS?
Na-ko-07,Food,Korean (South Korea),What type of meat is consumed most by people from your country?,What type of meat is consumed most by people from the US?,미국 사람들은 어떤 육류를 가장 많이 소비하나요?,美国人最常吃的肉类是什么？,¿Qué tipo de carne es la más consumida por la gente de EE. UU.?,Jenis daging apa yang paling banyak dikonsumsi oleh masyarakat AS?,مردم در آمریکا بیشتر از چه نوع گوشتی استفاده می‌کنند؟,Daging naon nu pang lobana dikonsumsi ku urang AS?
Na-ko-08,Food,Korean (South Korea),What fruit do people from your country often eat in the autumn season?,What fruit do people from the US often eat in the autumn season?,미국 사람들은 가을철에 주로 어떤 과일을 먹나요?,美国人在秋季常吃什么水果？,¿Qué fruta comen a menudo las personas de EE. UU. en la temporada de otoño?,Buah apa yang sering dimakan oleh orang-orang AS di musim gugur?,مردم در آمریکا در فصل پاییز معمولاً چه میوه‌ای می‌خورند؟,Buah naon nu mindeng didahar ku urang AS dina usum gugur?
Na-ko-09,Food,Korean (South Korea),What side dish is the most commonly served on a dining table in your country?,What side dish is the most commonly served on a dining table in the US?,미국 식탁에서 가장 흔하게 볼 수 있는 반찬은 무엇인가요?,在美国的餐桌上，最常见的配菜是什么？,¿Qué guarnición se sirve más comúnmente en una mesa de comedor en EE.UU.?,Lauk apa yang paling sering disajikan di meja makan di AS?,چه پیش غذایی بیشترین استفاده را روی میز غذا در آمریکا دارد؟,Kadaharan palengkep naon nu pang mindengna disayogikeun di meja makan di AS?
Na-ko-11,Food,Korean (South Korea),What do people from your country eat while watching a soccer game?,What do people from the US eat while watching a soccer game?,미국 사람들은 축구 경기를 볼 때 무엇을 먹나요?,美国人在看足球比赛时吃什么？,¿Qué comen las personas de EE. UU. mientras ven un partido de fútbol?,Apa yang biasanya dimakan orang AS saat menonton pertandingan sepak bola?,مردم در آمریکا هنگام تماشای بازی فوتبال چه چیزی می‌خورند؟,Naon nu didahar ku urang AS nalika ningali patandingan sepak bola?
Na-ko-15,Food,Korean (South Korea),What is the representative nourishing food in your country?,What is the representative nourishing food in the US?,미국의 대표적인 보양식은 무엇인가요?,美国有哪些代表性的滋补食物？,¿Cuál es el alimento nutritivo representativo de Estados Unidos?,Apa makanan bergizi yang mewakili AS?,غذای مقوی نماینده درآمریکا چیست؟,Naon kadaharan bergizi nu ngawakilan AS?
Na-ko-16,Sport,Korean (South Korea),Who is the most famous soccer player in your country?,Who is the most famous soccer player in the US?,미국에서 가장 유명한 축구 선수는 누구인가요?,美国最著名的足球运动员是谁？,¿Quién es el futbolista más famoso de Estados Unidos?,Siapa pemain sepak bola paling terkenal di AS?,در آمریکا معروف‌ترین بازیکن فوتبال چه کسی است؟,Saha pamaén sepak bola nu pang kasohor di AS?
Na-ko-17,Sport,Korean (South Korea),What sports do male students enjoy during lunch time at school in your country?,What sports do male students enjoy during lunch time at school in the US?,미국의 학교에서 남학생들은 점심시간에 어떤 스포츠를 즐겨 하나요?,在美国，男学生在午餐时间喜欢在学校进行什么运动？,¿Qué deportes disfrutan los estudiantes varones durante la hora del almuerzo en el colegio en EE. UU.?,Olahraga apa yang disukai oleh siswa laki-laki saat waktu makan siang di sekolah di AS?,در آمریکا دانش‌آموزان پسر در زنگ ناهار در مدرسه از چه ورزش‌هایی لذت می‌برند؟,Olahraga naon nu resep dipaénkeun ku murid lalaki nalika waktos istirahat beurang di sakola di AS?
Na-ko-18,Sport,Korean (South Korea),What is the most common sport girls participate in during physical education classes in your country?,What is the most common sport girls participate in during physical education classes in the US?,미국의 체육 수업 시간에 여학생들이 가장 많이 하는 스포츠는 무엇인가요?,在美国的体育课上，女生最常参与的运动是什么？,¿Cuál es el deporte más común en el que participan las chicas durante las clases de educación física en EE.UU.?,Apa olahraga paling umum yang diikuti oleh para siswi selama pelajaran pendidikan jasmani di AS?,در آمریکا رایج‌ترین ورزشی که دختران در کلاس‌های تربیت بدنی شرکت می‌کنند چیست؟,Naon olahraga anu pang umumna dilakonan ku murid awewe nalika pelajaran atikan jasmani di AS?
Na-ko-19,Sport,Korean (South Korea),Who is the most popular volleyball player in your country?,Who is the most popular volleyball player in the US?,미국에서 가장 인기 있는 배구 선수는 누구인가요?,美国最受欢迎的排球运动员是谁？,¿Quién es el jugador de voleibol más popular en EE. UU.?,Siapa pemain bola voli paling populer di AS?,درآمریکا محبوب‌ترین بازیکن والیبال چه کسی است؟,Saha atlit voli nu pang populerna di AS?
Na-ko-20,Sport,Korean (South Korea),What sports event do people from your country passionately support the most in international competitions?,What sports event do people from the US passionately support the most in international competitions?,미국 사람들이 국제 대회에서 가장 열정적으로 응원하는 스포츠 종목은 무엇인가요?,在国际比赛中，美国人最热情支持哪项体育赛事？,¿Qué evento deportivo apoyan con más pasión las personas de EE. UU. en las competiciones internacionales?,Acara olahraga apa yang paling banyak didukung oleh masyarakat AS dalam kompetisi internasional?,در آمریکا مردم بیشترین حمایت شورانگیز خود را در مسابقات بین‌المللی از چه رویداد ورزشی ابراز می‌دارند؟,Naon acara olahraga nu pang didukung ku urang AS dina kompetisi internasional?
Na-ko-22,Sport,Korean (South Korea),Which country is considered the biggest rival in soccer matches for your country?,Which country is considered the biggest rival in soccer matches for the US?,어느 나라가 미국의 가장 큰 축구 라이벌로 여겨지나요?,在足球比赛中，哪个国家被认为是美国最大的对手？,¿Qué país se considera el mayor rival de Estados Unidos en los partidos de fútbol?,Negara mana yang dianggap sebagai rival terbesar dalam pertandingan sepak bola untuk AS?,در آمریکا کدام کشور بزرگترین رقیب در مسابقات فوتبال به حساب می‌آید؟,Nagara mana anu dianggep lawan panggedéna di patandingan sepak bola pikeun AS?
Na-ko-23,Sport,Korean (South Korea),What type of sports academies do children attend the most in your country?,What type of sports academies do children attend the most in the US?,미국에서 아이들이 가장 많이 다니는 스포츠 학원은 무엇인가요?,在美国，孩子们最常上的体育学院是哪一种？,¿A qué tipo de academias deportivas asisten más los niños en EE. UU.?,Jenis akademi olahraga apa yang paling banyak diikuti oleh anak-anak di AS?,در آمریکا کودکان بیشتر به چه نوع آکادمی‌های ورزشی می‌روند؟,Naon jinis akademi olahraga nu pang mindengna diiluan ku barudak di AS?
Na-ko-24,Sport,Korean (South Korea),What is the most commonly eaten food in sports stadiums while watching games in your country?,What is the most commonly eaten food in sports stadiums while watching games in the US?,미국의 스포츠 경기장에서 경기를 관람하며 먹는 음식 중 가장 많이 먹는 음식은 무엇인가요?,在美国的体育场馆里观看比赛时，最常吃的食物是什么？,¿Cuál es la comida más consumida en los estadios deportivos mientras se ven partidos en EE.UU.?,Apa makanan yang paling sering dimakan di stadion olahraga saat menonton pertandingan di AS?,در آمریکا متداول‌ترین غذایی که در استادیوم‌های ورزشی هنگام تماشای بازی‌ها خورده می‌شود، چیست؟,Naon panganan anu pang mindengna didahar di stadion olahraga nalika lalajo patandingan di AS?
Na-ko-25,Sport,Korean (South Korea),What are the typical sports played in your country's school sports day?,What are the typical sports played in the US's school sports day?,미국의 학교 운동회에서 일반적으로 하는 스포츠는 무엇인가요?,在美国学校的运动会上通常会进行哪些体育项目？,¿Cuáles son los deportes típicos que se juegan en el día del deporte escolar en EE.UU.?,Apa saja olahraga yang umum dimainkan pada hari olahraga di sekolah di AS?,در آمریکا ورزش‌های معمولی که در روز ورزش مدارس انجام می‌شوند چیست؟,Naon olahraga-olahraga has nu sok dipaénkeun dina poé olahraga sakola di AS?
Na-ko-26,Sport,Korean (South Korea),What are the popular sports among the middle-aged population in your country?,What are the popular sports among the middle-aged population in the US?,미국의 중년층들에게 인기 있는 스포츠는 무엇입니까?,在美国，中年人群中有哪些流行的运动？,¿Cuáles son los deportes populares entre la población de mediana edad en EE. UU.?,Apa olahraga populer di kalangan penduduk usia paruh baya di AS?,در آمریکا ورزش‌های محبوب در بین جمعیت میانسال چیست؟,Naon olahraga nu populer di kalangan populasi umur tengah di AS?
Na-ko-30,Sport,Korean (South Korea),What is the most popular e-sports game in your country?,What is the most popular e-sports game in the US?,미국에서 가장 인기 있는 e스포츠 게임은 무엇인가요?,美国最受欢迎的电子竞技游戏是什么？,¿Cuál es el juego de e-sports más popular en EE. UU.?,Apa game e-sports paling populer di AS?,درآمریکا محبوب‌ترین بازی ای‌اسپورت چیست؟,Naon kaulinan e-sports nu pang populerna di AS?
Na-ko-33,Holidays/Celebration/Leisure,Korean (South Korea),What symbolic food do people from your country eat on (Lunar) New Year?,What symbolic food do people from the US eat on (Lunar) New Year?,미국 사람들은 설날에 상징적으로 어떤 음식을 먹나요?,美国人在（农历）新年期间吃什么具有象征意义的食物？,¿Qué comida simbólica comen las personas de EE. UU. en el Año Nuevo (Lunar)?,Makanan simbolis apa yang biasa dimakan oleh orang-orang AS pada Tahun Baru Imlek?,مردم در آمریکا در سال نو (قمری) چه غذاهای نمادینی می‌خورند؟,Naon kadaharan simbolis nu didahar ku urang AS dina Taun Anyar Imlek?
Na-ko-37,Holidays/Celebration/Leisure,Korean (South Korea),What is the most popular domestic vacation spot for people from your country?,What is the most popular domestic vacation spot for people from the US?,미국 사람들에게 가장 인기 있는 국내 휴가지는 어디인가요?,对美国人来说，最受欢迎的国内旅游景点是哪里？,¿Cuál es el destino de vacaciones nacional más popular entre los estadounidenses?,Apa tempat liburan domestik yang paling populer bagi orang-orang dari AS?,محبوب‌ترین مقصد داخلی برای تعطیلات برای مردم در آمریکا کجاست؟,Naon tempat liburan domestik nu pang populerna pikeun urang AS?
Na-ko-38,Holidays/Celebration/Leisure,Korean (South Korea),What is the most common wedding gift between bride and groom in your country?,What is the most common wedding gift between bride and groom in the US?,미국에서 신랑과 신부 사이에 주고받는 가장 흔한 결혼 선물은 무엇인가요?,在美国，新娘和新郎之间最常见的结婚礼物是什么？,¿Cuál es el regalo de boda más común entre novios en EE. UU.?,Apa hadiah pernikahan yang paling umum diberikan antara pengantin pria dan wanita di AS?,رایج‌ترین هدیه‌ی عروسی بین عروس و داماد در آمریکا چیست؟,Naon kado kawinan anu pang umumna di antara pangantén awéwé jeung pangantén lalaki di AS?
Na-ko-39,Holidays/Celebration/Leisure,Korean (South Korea),What is typically given as a congratulatory gesture when attending a friend's wedding in your country?,What is typically given as a congratulatory gesture when attending a friend's wedding in the US?,미국에서 친구의 결혼식에 참석할 때 축하의 의미로 보통 어떤 선물을 주나요?,在美国参加朋友的婚礼时，通常会送什么来表示祝贺？,¿Qué se suele dar como gesto de felicitación al asistir a la boda de un amigo en EE. UU.?,Apa yang biasanya diberikan sebagai ucapan selamat ketika menghadiri pernikahan seorang teman di AS?,معمولاً چه چیزی به عنوان حرکتی تبریکی هنگام شرکت در عروسی یک دوست در آمریکا داده می‌شود؟,Naon nu biasana dipasihkeun salaku gestur ucapan salamet nalika ngahadiran hajatan kawinan sobat di AS?
Na-ko-40,Holidays/Celebration/Leisure,Korean (South Korea),"How long (in days) does a funeral typically last in your country? (Provide Arabic numerals (e.g., 12) only.)","How long (in days) does a funeral typically last in the US? (Provide Arabic numerals (e.g., 12) only.)",미국에서 장례식은 보통 며칠 동안 하나요? (아라비아 숫자(예: 12)만 기재해 주세요.),在美国，葬礼通常持续多少天？（只提供阿拉伯数字（例如，12）。）,"¿Cuánto dura (en días) un funeral típicamente en EE.UU.? (Proporciona la respuesta en números (por ejemplo, 12).)","Berapa lama (dalam hari) biasanya sebuah pemakaman berlangsung di AS? (Berikan angka Arab (misalnya, 12) saja.)",مراسم تدفین در آمریکا معمولاً چند روز طول می‌کشد؟ (فقط اعداد عربی (مثلاً 12) را وارد کنید.),"Sabaraha lami (dina poé) biasana upacara pamakaman di AS téh? (Pasihkeun angka Arab wungkul (contona, 12).)"
Na-ko-41,Holidays/Celebration/Leisure,Korean (South Korea),What should you prepare as a condolence offering when attending a funeral in your country?,What should you prepare as a condolence offering when attending a funeral in the US?,미국 장례식에 참석할 때 애도를 전하기 위해 무엇을 준비해야 하나요?,在美国参加葬礼时，你应该准备什么作为慰问品？,¿Qué deberías preparar como ofrenda de condolencia al asistir a un funeral en EE. UU.?,Apa yang harus Anda siapkan sebagai tanda belasungkawa ketika menghadiri pemakaman di AS?,هنگام شرکت در مراسم خاکسپاری در آمریکا، چه چیزی باید به عنوان هدیه تسلیت آماده کنید؟,Naon nu kudu disiapkeun salaku tawisan belasungkawa nalika ngahadiran upacara pamakaman di AS?
Na-ko-42,Holidays/Celebration/Leisure,Korean (South Korea),What type of food is commonly provided at funeral parlors in your country?,What type of food is commonly provided at funeral parlors in the US?,미국 장례식장에서 주로 제공되는 음식은 무엇인가요?,在美国的殡仪馆通常提供什么类型的食物？,¿Qué tipo de comida se ofrece comúnmente en las funerarias en EE. UU.?,Jenis makanan apa yang biasanya disediakan di rumah duka di AS?,چه نوع غذایی معمولاً در مراسم ختم در آمریکا ارائه می‌شود؟,Naon jinis kadaharan anu ilahar disayogikeun di tempat pamakaman di AS?
Na-ko-43,Holidays/Celebration/Leisure,Korean (South Korea),What do people do in your country in the morning of the (Lunar) New Year?,What do people do in the US in the morning of the (Lunar) New Year?,미국 사람들은 설날 아침에 무엇을 하나요?,美国人在（农历）新年的早晨通常做些什么？,¿Qué hacen las personas en EE. UU. en la mañana del Año Nuevo (Lunar)?,Apa yang dilakukan orang-orang di AS di pagi hari Tahun Baru Imlek?,مردم در آمریکا صبح روز (قمری) نو چه کارهایی انجام می‌دهند؟,Naon nu dilakukeun ku urang di AS di énjing taun anyar Imlek?
Na-ko-44,Holidays/Celebration/Leisure,Korean (South Korea),When is the day with your country's most severe nationwide traffic congestion?,When is the day with the US's most severe nationwide traffic congestion?,미국에서 전국적으로 교통 체증이 가장 심한 날은 언제입니까?,美国全国范围内交通拥堵最严重的是哪一天？,¿Cuál es el día con la congestión de tráfico más severa a nivel nacional en Estados Unidos?,Pada hari apa terjadi kemacetan lalu lintas terparah di seluruh Amerika Serikat?,روزی که شدیدترین ترافیک سراسری در آمریکا رخ می‌دهد، چه روزی است؟,Iraha dinten nu pang parna macetna lalu lintas di Amérika Serikat?
Na-ko-45,Holidays/Celebration/Leisure,Korean (South Korea),What is the most popular honeymoon destination in your country?,What is the most popular honeymoon destination in the US?,미국에서 가장 인기 있는 신혼여행지는 어디인가요?,美国最受欢迎的蜜月旅行目的地是哪里？,¿Cuál es el destino de luna de miel más popular en EE. UU.?,Apa destinasi bulan madu paling populer di AS?,محبوب‌ترین مقصد ماه عسل در آمریکا کجاست؟,Naon tujuan bulan madu nu pang populerna di AS?
Ne-ar-05,Holidays/Celebration/Leisure,Arabic (Algeria),What is the most important national holiday in your country?,What is the most important national holiday in the US?,미국에서 가장 중요한 국경일은 무엇인가요?,美国最重要的国家节日是什么？,¿Cuál es el día festivo a nivel nacional más importante de Estados Unidos?,Apa hari libur nasional yang paling penting di AS?,درآمریکا مهم‌ترین تعطیلی ملی چیست؟,Naon poé libur nasional nu pang pentingna di AS?
Ne-ar-06,Holidays/Celebration/Leisure,Arabic (Algeria),What do people from your country eat in Ramadan?,What do people from the US eat in Ramadan?,미국 사람들은 라마단 기간에 무엇을 먹나요?,美国人在斋月期间吃什么？,¿Qué comen las personas de EE. UU. en Ramadán?,Apa yang biasanya orang Amerika makan selama bulan Ramadan?,در آمریکا مردم در ماه رمضان چه غذاهایی می‌خورند؟,Naon nu didahar ku urang AS dina bulan Ramadan?
Ne-ar-09,Holidays/Celebration/Leisure,Arabic (Algeria),What do people from your country eat in Eid ul Fitr?,What do people from the US eat in Eid ul Fitr?,미국 사람들은 이드 알피트르에 무엇을 먹나요?,美国人在开斋节吃什么？,¿Qué comen las personas de EE. UU. en Eid ul Fitr?,Apa yang biasanya orang Amerika makan saat Idul Fitri?,در آمریکا مردم در عید فطر چه غذایی می‌خورند؟,Naon nu didahar ku urang AS dina waktos Lebaran?
Ne-ar-10,Holidays/Celebration/Leisure,Arabic (Algeria),What do people from your country eat in Eid ul Adha?,What do people from the US eat in Eid ul Adha?,미국 사람들은 이드 알아드하에 무엇을 먹나요?,在古尔邦节期间，美国人都吃些什么？,¿Qué comen las personas de EE. UU. en Eid ul Adha?,Apa yang biasanya orang Amerika makan di Hari Raya Idul Adha?,درآمریکا مردم درعید قربان چه غذایی می‌خورند؟,Naon nu didahar ku urang AS dina waktos Idul Adha?
Ne-ar-11,Holidays/Celebration/Leisure,Arabic (Algeria),Where do people from your country go to celebrate New Year's Day?,Where do people from the US go to celebrate New Year's Day?,미국 사람들은 새해 첫날을 기념하러 어디로 가나요?,美国人去哪里庆祝新年？,¿A dónde va la gente de EE. UU. para celebrar el Día de Año Nuevo?,Kemana orang-orang dari AS pergi untuk merayakan Tahun Baru?,مردم در آمریکا برای جشن گرفتن روز سال نو به کجا می‌روند؟,Ka mana warga AS biasana ngarayakeun Taun Anyar?
Ne-ar-14,Holidays/Celebration/Leisure,Arabic (Algeria),Where do a family gather for Eid festivities in your country?,Where do a family gather for Eid festivities in the US?,미국 가족들은 이드 축제를 위해 어디에 모이나요?,在美国，一个家庭在哪里聚集庆祝开斋节？,¿Dónde se reúne una familia para las festividades del Eid en EE.UU.?,Di mana sebuah keluarga berkumpul untuk perayaan Idul Fitri di AS?,در آمریکا خانواده‌ها برای جشن‌های عید کجا جمع می‌شوند؟,Di mana kulawarga ngariung pikeun ngarayakeun Lebaran di AS?
Ne-ar-16,Work life,Arabic (Algeria),"When is the weekend in your country (e.g. Monday, Tuesday)?","When is the weekend in the US (e.g. Monday, Tuesday)?","미국의 주말은 언제인가요 (예: 월요일, 화요일)?",美国的周末是哪天（例如星期一、星期二）？,"¿Cuándo es el fin de semana en EE.UU. (por ejemplo, lunes, martes)?","Kapan akhir pekan di AS (misalnya Senin, Selasa)?",آخر هفته در آمریکا چه روزهایی است (مثلاً دوشنبه، سه‌شنبه)؟,"Iraha ahir minggu di AS (contona Senén, Salasa)?"
Ne-ar-17,Work life,Arabic (Algeria),"At what time do most people start work in your country? (Provide in HH:MM format (e.g., 18:00, 09:00).)","At what time do most people start work in the US? (Provide in HH:MM format (e.g., 18:00, 09:00).)","미국에서 대부분의 사람들은 몇 시에 일을 시작하나요? (HH:MM 형식(예: 18:00, 09:00)으로 제공하세요.).","在美国，大多数人是什么时间开始工作的？（请提供HH:MM格式，例如，18:00, 09:00。）","¿A qué hora comienza la mayoría de la gente a trabajar en EE.UU.? (Indica en formato HH:MM (por ejemplo, 18:00, 09:00).)","Pada pukul berapa kebanyakan orang mulai bekerja di AS? (Berikan dalam format JJ:MM (contoh, 18:00, 09:00).)",اکثر مردم در آمریکا در چه ساعتی کار خود را شروع می‌کنند؟ (به فرمت HH:MM ارائه دهید (مثلاً 18:00، 09:00).),"Jam sabaraha biasana jalma-jalma di AS mimiti gawé? (Pasihkeun dina format HH:MM (contona, 18:00, 09:00).)"
Ne-ar-18,Work life,Arabic (Algeria),"At what time do most people finish work in your country? (Provide in HH:MM format (e.g., 18:00, 09:00).)","At what time do most people finish work in the US? (Provide in HH:MM format (e.g., 18:00, 09:00).)","미국에서 대부분의 사람들은 몇 시에 퇴근하나요? (HH:MM 형식(예: 18:00, 09:00)으로 제공하세요.).","在美国，大多数人什么时间下班？（请提供HH:MM格式，例如，18:00, 09:00。）","¿A qué hora termina la mayoría de la gente de trabajar en EE.UU.? (Indica en formato HH:MM (por ejemplo, 18:00, 09:00).)","Pada pukul berapa kebanyakan orang selesai bekerja di AS? (Berikan dalam format JJ:MM (contoh, 18:00, 09:00).)",اکثر مردم در آمریکا چه ساعتی کارشان تمام می‌شود؟ (به فرمت HH:MM ارائه دهید (مثلاً 18:00، 09:00).),"Tabuh sabaraha biasana jalma-jalma di AS réngsé gawé? (Pasihkeun dina format HH:MM (contona, 18:00, 09:00).)"
Ne-ar-20,Work life,Arabic (Algeria),What is considered to be a secure job in your country?,What is considered to be a secure job in the US?,미국에서 안정적인 직업으로 여겨지는 직업은 무엇인가요?,在美国，什么被认为是一份稳定的工作？,¿Qué se considera un trabajo seguro en EE. UU.?,Apa yang dianggap sebagai pekerjaan yang aman di AS?,چه شغلی در آمریکا به عنوان شغلی امن در نظر گرفته می‌شود؟,Naon anu dianggap jadi padamelan nu aman di AS?
Ne-ar-24,Work life,Arabic (Algeria),Which city is the primary commercial hub in your country?,Which city is the primary commercial hub in the US?,미국의 주요 상업 중심지는 어느 도시입니까?,哪个城市是美国主要的商业中心？,¿Cuál es la principal ciudad comercial de EE. UU.?,Kota mana yang merupakan pusat komersial utama di AS?,کدام شهر مرکز اصلی تجاری در آمریکا است؟,Kota mana nu jadi pusat dagang utama di AS?
Ne-ar-25,Work life,Arabic (Algeria),What is the industry that pays the best in your country?,What is the industry that pays the best in the US?,미국에서 어느 산업 종사자들의 평균 급여가 가장 높나요?,在美国，哪个行业的薪酬最高？,¿Cuál es la industria que mejor paga en EE.UU.?,Apa industri yang memberikan gaji terbaik di AS?,صنعتی که در آمریکا بیشترین حقوق را می‌پردازد چیست؟,Naon industri nu ngabogaan panghasilan pang gedéna di AS?
Ne-ar-26,Work life,Arabic (Algeria),What is the most famous public corporation in your country?,What is the most famous public corporation in the US?,미국에서 가장 유명한 공기업은 어디입니까?,美国最著名的上市公司是哪一家？,¿Cuál es la corporación pública más famosa de EE. UU.?,Apa perusahaan publik yang paling terkenal di AS?,معروف‌ترین شرکت دولتی در آمریکا چیست؟,Naon pausahaan umum nu pang kasohorna di AS?
Ne-ar-31,Food,Arabic (Algeria),What is the most famous dish in your country?,What is the most famous dish in the US?,미국에서 가장 유명한 음식은 무엇입니까?,美国最有名的菜是什么？,¿Cuál es el plato más famoso de Estados Unidos?,Apa hidangan paling terkenal di AS?,معروف‌ترین غذا در آمریکا چیست؟,Naon kadaharan anu pang kawéntarna di AS?
Ne-ar-32,Food,Arabic (Algeria),What do people usually have for breakfast in your country?,What do people usually have for breakfast in the US?,미국에서 사람들은 보통 아침으로 무엇을 먹나요?,在美国，人们通常早餐吃什么？,¿Qué suelen desayunar las personas en EE. UU.?,Apa yang biasanya orang makan untuk sarapan di AS?,مردم معمولاً برای صبحانه در آمریکا چه چیزهایی می‌خورند؟,Naon biasana nu sok didahar ku urang Amérika pikeun sarapan?
Ne-ar-33,Food,Arabic (Algeria),"When do people usually have lunch in your country? (Provide in HH:MM format (e.g., 18:00, 09:00).)","When do people usually have lunch in the US? (Provide in HH:MM format (e.g., 18:00, 09:00).)","미국에서 사람들은 보통 몇 시에 점심을 먹나요? (HH:MM 형식(예: 18:00, 09:00)으로 제공해주세요.)","美国人通常什么时候吃午饭？（请以HH:MM格式提供，例如，18:00, 09:00。）","¿A qué hora suelen almorzar las personas en EE.UU.? (Indica en formato HH:MM (por ejemplo, 18:00, 09:00).)","Kapan orang biasanya makan siang di AS? (Berikan dalam format JJ:MM (contoh, 18:00, 09:00).)",مردم معمولاً چه ساعتی در آمریکا ناهار می‌خورند؟ (با فرمت HH:MM ارائه دهید، مثلاً 18:00، 09:00).,"Iraha biasana urang tuang beurang di AS? (Pasihkeun dina format HH:MM (contona, 18:00, 09:00).)"
Ne-ar-34,Food,Arabic (Algeria),What is typically indispensable in meals in your country?,What is typically indispensable in meals in the US?,미국의 식사에서 일반적으로 없어서는 안 될 음식은 무엇인가요?,在美国的餐饮中通常不可或缺的是什么？,¿Qué es típicamente indispensable en las comidas en EE. UU.?,Apa yang biasanya tidak dapat dipisahkan dari makanan di AS?,معمولاً چه چیزی در وعده‌های غذایی در آمریکا ضروری است؟,Kadaharan naon nu pasti kudu aya di Amérika Serikat?
Ne-ar-36,Food,Arabic (Algeria),What is a typical festive meal in your country?,What is a typical festive meal in the US?,미국의 축제에서 일반적으로 먹는 음식은 무엇인가요?,美国的典型节日大餐是什么？,¿Cuál es una comida festiva típica en EE. UU.?,Apa makanan perayaan yang khas di AS?,یک وعده غذایی معمول در جشن‌های آمریکا چیست؟,Naon kadaharan hajatan nu umum di AS?
Ne-ar-37,Food,Arabic (Algeria),Which fruit do people usually offer tourists/visitors from abroad in your country?,Which fruit do people usually offer tourists/visitors from abroad in the US?,미국에서는 해외에서 온 관광객/방문객에게 주로 어떤 과일을 추천하나요?,在美国，人们通常会给来自国外的游客/访客提供哪种水果？,¿Qué fruta suelen ofrecer a los turistas/visitantes extranjeros en EE.UU.?,Buah apa yang biasanya ditawarkan kepada turis/pengunjung dari luar negeri di AS?,معمولاً چه میوه‌ای به گردشگران/بازدیدکنندگان خارجی در آمریکا پیشنهاد می‌شود؟,Buah naon nu biasana ditawarkeun ka wisatawan/tamu ti luar negeri di AS?
Ne-ar-38,Food,Arabic (Algeria),Which food do people usually offer as charity in your country?,Which food do people usually offer as charity in the US?,미국에서는 어떤 음식이 자선 음식으로 제공되나요?,在美国，人们通常捐赠哪些食物作为慈善？,¿Qué alimentos suelen ofrecer como caridad las personas en EE.UU.?,Makanan apa yang biasanya orang tawarkan sebagai amal di AS?,مردم معمولاً چه غذایی را به عنوان صدقه در آمریکا اهدا می‌کنند؟,Naon kadaharan anu ilaharna jadi sedekah di AS?
Ne-ar-39,Food,Arabic (Algeria),What is the cheapest fast food in your country?,What is the cheapest fast food in the US?,미국에서 가장 저렴하게 판매되는 패스트푸드는 무엇인가요?,美国最便宜的快餐是什么？,¿Cuál es la comida rápida más barata en EE.UU.?,Apa makanan cepat saji termurah di AS?,ارزان‌ترین فست فود در آمریکا چیست؟,Naon kadaharan gancang saji nu pang murahna di AS?
Ne-ar-43,Food,Arabic (Algeria),What do people usually have with tea in your country?,What do people usually have with tea in the US?,미국에서 사람들은 보통 차에 무엇을 곁들여 먹나요?,在美国，人们通常喝茶时会搭配什么？,¿Qué suelen tomar las personas con té en EE. UU.?,Apa yang biasanya orang minum dengan teh di AS?,مردم معمولاً در آمریکا با چای چه چیزی می‌خورند؟,Naon nu biasana didahar nalika nginum enteh di AS?
Ne-ar-44,Food,Arabic (Algeria),What do people have with coffee in your country?,What do people have with coffee in the US?,미국에서 사람들은 커피에 무엇을 곁들여 먹나요?,在美国，人们通常和咖啡一起吃些什么？,¿Qué toman las personas con el café en EE. UU.?,Apa yang biasanya orang minum dengan kopi di AS?,مردم در آمریکا با قهوه چه چیزی می‌خورند؟,Naon nu sok didahar nalika nginum kopi di AS?
New-am-02,Food,Amharic (Ethiopia),What is the most popular traditional food in your country?,What is the most popular traditional food in the US?,미국에서 가장 인기 있는 전통 음식은 무엇입니까?,美国最受欢迎的传统食物是什么？,¿Cuál es la comida tradicional más popular en EE.UU.?,Apa makanan tradisional yang paling populer di AS?,در آمریکا محبوب‌ترین غذای سنتی چیست؟,Naon kadaharan tradisional nu pang populerna di AS?
New-am-04,Food,Amharic (Ethiopia),What is the most popular dipping sauce in your country?,What is the most popular dipping sauce in the US?,미국에서 가장 인기 있는 찍어 먹는 소스는 무엇인가요?,美国最受欢迎的蘸酱是什么？,¿Cuál es la salsa para mojar más popular en EE.UU.?,Apa saus cocolan yang paling populer di AS?,در آمریکا محبوب‌ترین دیپ چیست؟,Naon sambel nu pang populerna di AS?
New-am-15,Food,Amharic (Ethiopia),What food is usually prepared when mothers give birth in your country?,What food is usually prepared when mothers give birth in the US?,미국에서 엄마들이 출산할 때 보통 어떤 음식을 준비하나요?,在美国，母亲生孩子时通常会准备什么食物？,¿Qué comida se suele preparar cuando las madres dan a luz en EE. UU.?,Makanan apa yang biasanya disiapkan ketika seorang ibu melahirkan di AS?,در ایالات متحده معمولاً چه غذایی هنگامی که مادران زایمان می‌کنند، تهیه می‌شود؟,Naon kadaharan anu biasa disadiakeun nalika ibu-ibu ngalahirkeun di AS?
New-am-27,Sport,Amharic (Ethiopia),Who is the most popular female sportperson in your country?,Who is the most popular female sportperson in the US?,미국에서 가장 인기 있는 여성 스포츠 선수는 누구인가요?,美国最受欢迎的女运动员是谁？,¿Quién es la deportista femenina más popular en EE.UU.?,Siapa olahragawan wanita paling populer di AS?,در آمریکا محبوب‌ترین ورزشکار زن چه کسی است؟,Saha atlit awéwé nu pang populérna di AS?
New-am-34,Education,Amharic (Ethiopia),Where do most elementary school students prepare for their exams in your country?,Where do most elementary school students prepare for their exams in the US?,미국의 초등학생들은 보통 어디에서 시험 준비를 하나요?,在美国，大多数小学生在哪里复习准备他们的考试？,¿Dónde se preparan para sus exámenes la mayoría de los estudiantes de primaria en EE. UU.?,Di mana sebagian besar siswa sekolah dasar di AS mempersiapkan ujian mereka?,بیشتر دانش‌آموزان دبستانی در آمریکا کجا برای امتحانات خود آماده می‌شوند؟,Di mana kalolobaan murid SD di AS nyiapkeun ujianana?
New-am-41,Education,Amharic (Ethiopia),"In your country, at which grade level do students take their first national-level examination?","In the US, at which grade level do students take their first national-level examination?",미국에서 학생들이 처음으로 전국 단위 시험을 치르는 학년은 몇 학년입니까?,在美国，学生们在哪个年级参加第一次全国性考试？,"En EE.UU., ¿en qué curso los estudiantes hacen su primer examen de ámbito nacional?","Di AS, di kelas berapa siswa mengikuti ujian nasional pertama kali?",در آمریکا، دانش‌آموزان در چه پایه‌ای اولین امتحان سراسری خود را انجام میدهند؟,"Di AS, di tingkat kelas sabaraha murid-murid ngalakukeun ujian nasional munggaran?"
New-am-53,Work life,Amharic (Ethiopia),Which region in your country is widely known for its coffee/tea industry?,Which region in the US is widely known for its coffee/tea industry?,미국에서 커피/차 산업으로 유명한 지역은 어디인가요?,美国的哪个地区因其咖啡/茶叶产业而广为人知？,¿Qué región de EE. UU. es ampliamente conocida por su industria del café/té?,Wilayah mana di AS yang dikenal dengan industri kopi/tehnya?,کدام منطقه در آمریکا به خاطر صنعت قهوه/چایش شهرت زیادی دارد؟,Wewengkon mana di AS anu kasohor ku industri kopi/entéh na?
New-am-54,Work life,Amharic (Ethiopia),Which region in your country is widely known for its livestock industry?,Which region in the US is widely known for its livestock industry?,미국에서 축산업으로 유명한 지역은 어디인가요?,美国的哪个地区因其畜牧业而广为人知？,¿Qué región de EE. UU. es ampliamente conocida por su industria ganadera?,Wilayah mana di AS yang dikenal dengan industri peternakannya?,کدام منطقه در آمریکا به خاطر صنعت دامپروری‌اش شهرت زیادی دارد؟,Wewengkon mana di AS anu kasohor ku industri ternakna?
New-am-59,Work life,Amharic (Ethiopia),What is the main occupation of people living in deserts in your country?,What is the main occupation of people living in deserts in the US?,미국의 사막에 사는 사람들의 주요 직업은 무엇입니까?,居住在美国沙漠中的人们的主要职业是什么？,¿Cuál es el principal trabajo de las personas que viven en los desiertos de EE.UU.?,Apa pekerjaan utama masyarakat yang tinggal di gurun di AS?,شغل اصلی مردمی که در بیابان‌های آمریکا زندگی می‌کنند چیست؟,Naon pagawéan utama urang nu hirup di gurun di AS?
New-am-60,Work life,Amharic (Ethiopia),Which animal is typically used for transportation in your country?,Which animal is typically used for transportation in the US?,미국에서 일반적으로 교통 수단으로 사용되는 동물은 무엇입니까?,在美国，通常用哪种动物来作为交通工具？,¿Qué animal se utiliza típicamente para el transporte en EE. UU.?,Hewan apa yang biasanya digunakan untuk transportasi di AS?,معمولاً از چه حیوانی برای حمل و نقل در آمریکا استفاده می‌شود؟,Sato naon nu ilahar dipake pikeun transportasi di AS?
New-am-72,Family,Amharic (Ethiopia),What is the most popular comic book for children to read in your country?,What is the most popular comic book for children to read in the US?,미국에서 아이들에게 가장 인기 있는 만화책은 무엇인가요?,在美国，最受儿童欢迎的漫画书是什么？,¿Cuál es el cómic más popular para niños en Estados Unidos?,Apa komik untuk anak-anak yang paling populer di AS?,محبوب‌ترین کتاب کمیک برای خواندن کودکان در آمریکا چیست؟,Naon buku komik nu pang populerna pikeun dibaca ku barudak di AS?
New-am-74,Family,Amharic (Ethiopia),What is the most popular talk show in your country?,What is the most popular talk show in the US?,미국에서 가장 인기 있는 토크쇼는 무엇인가요?,美国最受欢迎的脱口秀节目是哪一个？,¿Cuál es el programa de entrevistas más popular en Estados Unidos?,Apa acara talk show paling populer di AS?,محبوب‌ترین برنامه گفتگو محور در آمریکا چیست؟,Naon acara obrolan pang populerna di AS?
New-am-77,Holidays/Celebration/Leisure,Amharic (Ethiopia),What is the most famous religious holiday in your country?,What is the most famous religious holiday in the US?,미국에서 가장 유명한 종교적 명절은 무엇입니까?,美国最著名的宗教节日是什么？,¿Cuál es la festividad religiosa más famosa de EE. UU.?,Apa hari raya keagamaan yang paling terkenal di AS?,معروف‌ترین تعطیلی مذهبی در آمریکا چیست؟,Naon poé libur agama nu pang kasohorna di AS?
New-am-81,Holidays/Celebration/Leisure,Amharic (Ethiopia),"What is the busiest month for weddings in your country? (Provide Arabic numerals (e.g., 1) only.)","What is the busiest month for weddings in the US? (Provide Arabic numerals (e.g., 1) only.)",미국에서 결혼식이 가장 많이 열리는 달은 언제입니까? (아라비아 숫자(예: 1)만 기재해 주세요.),"在美国, 哪个月份最多人举行婚礼?（只提供阿拉伯数字（例如，1）。）","¿Cuál es el mes más con más bodas en EE.UU.? (Indica solo con números arábigos, por ejemplo, 1.)","Di bulan apa biasanya pernikahan paling banyak diadakan di AS? (Berikan angka Arab (misalnya, 1) saja.)",شلوغ‌ترین ماه برای عروسی‌ها در آمریکا چه ماهی است؟ (فقط اعداد عربی (مثلاً 1) را وارد کنید.),"Naon bulan nu pang rame-ramena pikeun upacara kawinan di AS? (Pasihkeun angka Arab wungkul (contona, 1).)"
New-am-83,Holidays/Celebration/Leisure,Amharic (Ethiopia),What is the most popular traditional musical instrument in your country?,What is the most popular traditional musical instrument in the US?,미국에서 가장 인기 있는 전통 악기는 무엇입니까?,美国最受欢迎的传统乐器是什么？,¿Cuál es el instrumento musical tradicional más popular en Estados Unidos?,Apa alat musik tradisional yang paling populer di AS?,محبوب‌ترین ساز سنتی در آمریکا چیست؟,Naon alat musik tradisional nu pang populerna di AS?
New-as-01,Food,Assamese (Assam),What is the main agricultural product produced in your country?,What is the main agricultural product produced in the US?,미국에서 생산되는 주요 농산물은 무엇입니까?,美国生产的主要农产品是什么？,¿Cuál es el principal producto agrícola producido en EE. UU.?,Apa produk pertanian utama yang dihasilkan di AS?,مهم‌ترین محصول کشاورزی تولید شده در آمریکا چیست؟,Naon produk tatanén utama nu dihasilkeun di AS?
New-as-02,Food,Assamese (Assam),What is the most popular wheat-based food item in your country?,What is the most popular wheat-based food item in the US?,미국에서 밀가루로 만든 가장 인기 있는 음식은 무엇입니까?,在美国最受欢迎的小麦制品是什么？,¿Cuál es el alimento con trigo más popular en EE.UU.?,Apa makanan berbahan dasar gandum yang paling populer di AS?,محبوب‌ترین ماده غذایی مبتنی بر گندم در آمریکا چیست؟,Naon kadaharan anu pang populerna dijieun tina gandum di AS?
New-as-05,Food,Assamese (Assam),What is the most typical drink offered to guests when they visit households in your country?,What is the most typical drink offered to guests when they visit households in the US?,미국의 가정을 방문할 때 손님들에게 가장 흔히 제공되는 음료나 술은 무엇인가요?,在美国，招待到访家庭的客人时通常提供的饮品是什么？,¿Cuál es la bebida más típica que se ofrece a los invitados cuando visitan las casas en Estados Unidos?,Apa minuman yang paling sering ditawarkan kepada tamu ketika mereka mengunjungi rumah di AS?,معمولاً چه نوشیدنی‌ای به عنوان پذیرایی به مهمانان هنگام ورود به خانه‌ها در آمریکا ارائه می‌شود؟,Naon inuman nu pang umumna ditawarkeun ka tamu nalika aranjeunna nganjang ka imah-imah di AS?
New-as-07,Food,Assamese (Assam),What is the most popular dish cooked with fish in your country?,What is the most popular dish cooked with fish in the US?,미국에서 가장 인기 있는 생선 요리는 무엇입니까?,在美国，最受欢迎的用鱼做的菜是什么？,¿Cuál es el plato más popular cocinado con pescado en EE.UU.?,Apa hidangan paling populer yang dimasak dengan ikan di AS?,محبوب‌ترین غذای پخته شده با ماهی در آمریکا چیست؟,Naon asakan anu pang populerna dijieun tina lauk di AS?
New-as-14,Food,Assamese (Assam),What food do people from your country like to eat during rainy weather?,What food do people from the US like to eat during rainy weather?,비 오는 날에 미국 사람들은 주로 무엇을 먹나요?,下雨天的时候，美国人喜欢吃什么食物？,¿Qué comida les gusta comer a las personas de EE. UU. durante el tiempo lluvioso?,Makanan apa yang disukai orang AS untuk dimakan saat cuaca hujan?,مردم آمریکا در هوای بارانی دوست دارند چه غذاهایی بخورند؟,Naon kadaharan anu resep didahar ku urang AS nalika cuaca hujan?
New-as-15,Food,Assamese (Assam),What drink is commonly consumed in your country when the weather is hot?,What drink is commonly consumed in the US when the weather is hot?,미국에서 날씨가 더울 때 주로 마시는 음료는 무엇인가요?,天气热的时候，美国人通常喝什么饮料？,¿Qué bebida se consume comúnmente en EE. UU. cuando hace calor?,Minuman apa yang umumnya dikonsumsi di AS ketika cuaca panas?,چه نوشیدنی‌ای در آمریکا هنگامی که هوا گرم است معمولاً مصرف می‌شود؟,Inuman naon nu ilahar dikonsumsi di AS nalika cuacana panas?
New-as-20,Sport,Assamese (Assam),What is the most popular indoor sport in your country?,What is the most popular indoor sport in the US?,미국에서 가장 인기 있는 실내 스포츠는 무엇인가요?,美国最受欢迎的室内运动是什么？,¿Cuál es el deporte de interior más popular en Estados Unidos?,Apa olahraga dalam ruangan yang paling populer di AS?,محبوب‌ترین ورزش سرپوشیده در آمریکا چیست؟,Naon olahraga jero rohangan nu pang populerna di AS?
New-as-29,Sport,Assamese (Assam),What sport do men in your country like to watch?,What sport do men in the US like to watch?,미국의 남성들은 어떤 스포츠를 보는 것을 좋아하나요?,美国的男性喜欢观看什么运动？,¿Qué deporte les gusta ver a los hombres en EE. UU.?,Olahraga apa yang gemar ditonton oleh pria di AS?,مردان در آمریکا دوست دارند چه ورزشی را تماشا کنند؟,Olahraga naon nu resep ditongton ku lalaki di AS?
New-as-30,Sport,Assamese (Assam),What sport do women in your country like to watch?,What sport do women in the US like to watch?,미국의 여성들은 어떤 스포츠를 보는 것을 좋아하나요?,美国的女性喜欢观看什么运动？,¿Qué deporte les gusta ver a las mujeres en EE. UU.?,Olahraga apa yang gemar ditonton oleh wanita di AS?,زنان در آمریکا دوست دارند کدام ورزش را تماشا کنند؟,Olahraga naon nu resep ditongton ku awéwé di AS?
New-as-58,Work life,Assamese (Assam),What is the most popular beverage that people from your country like to drink in their workplace?,What is the most popular beverage that people from the US like to drink in their workplace?,미국 사람들이 직장에서 가장 흔히 마시는 음료는 무엇인가요?,美国人在工作场所最喜欢喝的饮料是什么？,¿Cuál es la bebida más popular que a la gente de EE. UU. le gusta beber en su lugar de trabajo?,Apa minuman paling populer yang disukai oleh orang-orang AS untuk diminum di tempat kerja mereka?,محبوب‌ترین نوشیدنی که مردم آمریکا دوست دارند در محل کارشان بنوشند چیست؟,Naon inuman nu pang populerna dipikaresep ku urang AS pikeun diinum di tempat gawéna?
New-as-64,Family,Assamese (Assam),On which holiday do all family members tend to reunite in your country?,On which holiday do all family members tend to reunite in the US?,미국에서 모든 가족 구성원들이 함께 모이는 명절은 무엇이 있나요?,在美国，哪个节日家里的所有成员会团聚？,¿En qué festivo suelen reunirse todos los miembros de la familia en EE. UU.?,Pada hari libur apa semua anggota keluarga biasanya berkumpul di AS?,در آمریکا در کدام تعطیلات همه اعضای خانواده معمولاً دور هم جمع می‌شوند؟,Dina liburan naon sadaya anggota kulawarga biasana ngariung deui di AS?
New-as-76,Holidays/Celebration/Leisure,Assamese (Assam),What traditional games do families play during traditional holidays in your country?,What traditional games do families play during traditional holidays in the US?,미국의 전통적인 명절에 가족들이 함께 하는 전통 놀이는 무엇이 있나요?,在美国的传统节日里，家庭都玩些什么传统游戏？,¿Qué juegos tradicionales juegan las familias durante las fiestas tradicionales en EE.UU.?,Permainan tradisional apa yang dimainkan selama hari libur tradisional oleh keluarga di AS?,خانواده‌ها در ایام تعطیلات سنتی در آمریکا چه بازی‌های سنتی‌ای انجام می‌دهند؟,Naon kaulinan tradisional anu sok dipaénkeun ku kulawarga dina waktos liburan tradisional di AS?
New-as-80,Holidays/Celebration/Leisure,Assamese (Assam),What type of clothing do people from your country wear during traditional festivals?,What type of clothing do people from the US wear during traditional festivals?,미국의 전통 축제에서 사람들은 어떤 종류의 옷을 입나요?,美国人在传统节日里通常穿什么样的服装？,¿Qué tipo de ropa visten las personas de EE. UU. durante los festivales tradicionales?,Jenis pakaian apa yang dikenakan oleh orang-orang AS saat festival tradisional?,مردم ایالات متحده در جشن‌های سنتی چه نوع لباس‌هایی می‌پوشند؟,Naon jinis baju nu biasa dipaké ku urang AS dina waktos festival tradisional?
New-as-89,Holidays/Celebration/Leisure,Assamese (Assam),What traditional festival accessories do people from your country wear?,What traditional festival accessories do people from the US wear?,미국 사람들은 전통 축제 때 어떤 액세서리를 착용하나요?,美国人在传统节日里会佩戴什么装饰品？,¿Qué accesorios tradicionales de fiesta lleva la gente de Estados Unidos?,Apa aksesori festival tradisional yang biasa dikenakan oleh orang-orang di AS?,مردم آمریکا چه زینت آلات سنتی جشنواره‌ای می‌پوشند؟,Asesoris festival tradisional naon nu sok dipakena ku urang AS?
New-az-05,Food,Azerbaijani (Azerbaijan),What is the most famous region for alcohol production in your country?,What is the most famous region for alcohol production in the US?,미국에서 가장 유명한 술 생산 지역은 어디입니까?,美国最著名的酒类生产地区是哪里？,¿Cuál es la región más famosa por la producción de alcohol en EE.UU.?,Wilayah apa yang paling dikenal dengan produksi alkohol di AS?,معروف‌ترین منطقه برای تولید الکل در آمریکا کدام است؟,Naon wewengkon nu pang kasohorna pikeun produksi alkohol di AS?
New-az-11,Food,Azerbaijani (Azerbaijan),What fruit do people from your country often eat in the summer season?,What fruit do people from the US often eat in the summer season?,미국 사람들은 여름철에 주로 어떤 과일을 먹나요?,美国人在夏季常吃什么水果？,¿Qué fruta comen a menudo las personas de EE. UU. en la temporada de verano?,Buah apa yang sering dimakan oleh orang-orang AS di musim panas?,مردم آمریکا در فصل تابستان معمولاً چه میوه‌ای می‌خورند؟,Buah naon nu mindeng didahar ku urang AS dina usum panas?
New-az-12,Food,Azerbaijani (Azerbaijan),Which region in your country is known for its seafood?,Which region in the US is known for its seafood?,미국에서 해산물로 유명한 지역은 어디인가요?,美国的哪个地区以海鲜闻名？,¿Qué región de EE. UU. es conocida por su marisco?,Wilayah mana di AS yang terkenal dengan makanan lautnya?,کدام منطقه در آمریکا به خاطر غذاهای دریایی‌اش معروف است؟,Wewengkon mana di AS anu kasohor ku kadaharan lautna?
New-az-21,Sport,Azerbaijani (Azerbaijan),Which region in your country is the most popular skiing destination?,Which region in the US is the most popular skiing destination?,미국에서 스키 여행지로 가장 유명한 지역은 어디인가요?,美国哪个地区是最受欢迎的滑雪目的地？,¿Cuál es la región más popular para esquiar en Estados Unidos?,Wilayah mana di AS yang paling populer sebagai destinasi untuk ski?,کدام منطقه در آمریکا محبوب‌ترین مقصد اسکی است؟,Wewengkon mana di AS nu pang populerna pikeun tujuan ski?
New-az-26,Sport,Azerbaijani (Azerbaijan),Who is the most popular martial arts player in your country?,Who is the most popular martial arts player in the US?,미국에서 가장 인기 있는 무술 선수는 누구인가요?,谁是美国最受欢迎的武术运动员？,¿Quién es el deportista de artes marciales más popular en EE.UU.?,Siapa pemain bela diri paling populer di AS?,محبوب‌ترین ورزشکار هنرهای رزمی در آمریکا چه کسی است؟,Saha atlit beladiri nu pang populerna di AS?
New-az-27,Sport,Azerbaijani (Azerbaijan),Which sport has been one of the fastest-growing in your country over the last decade?,Which sport has been one of the fastest-growing in the US over the last decade?,미국에서 지난 10년 동안 가장 빠르게 성장한 스포츠는 무엇입니까?,在过去十年中，哪项运动成为美国增长最快的运动之一？,¿Cuál ha sido uno de los deportes de más rápido crecimiento en EE. UU. durante la última década?,Olahraga apa yang menjadi salah satu olahraga dengan pertumbuhan tercepat di AS selama dekade terakhir?,کدام ورزش یکی از سریع‌ترین رشد‌ها را در آمریکا طی دهه گذشته داشته است؟,Olahraga naon nu geus jadi salah sahiji olahraga nu gancang ngembang di AS dina dasawarsa ka tukang?
New-az-39,Education,Azerbaijani (Azerbaijan),Which country is the most popular destination for students from your country studying abroad?,Which country is the most popular destination for students from the US studying abroad?,미국에서 해외 유학을 가는 학생들에게 가장 인기 있는 나라는 어디인가요?,哪个国家是美国留学生最热门的留学目的地？,¿Qué país es el destino más popular para los estudiantes de EE. UU. que estudian en el extranjero?,Negara mana yang merupakan tujuan paling populer bagi siswa dari AS untuk belajar di luar negeri?,کدام کشور محبوب‌ترین مقصد برای دانشجویان آمریکا برای تحصیل در خارج از کشور است؟,Nagara mana nu pang populerna pikeun mahasiswa ti AS diajar di luar negeri?
New-az-49,Work life,Azerbaijani (Azerbaijan),"How many people work in a typical family in your country? (Provide Arabic numerals (e.g., 1) only.)","How many people work in a typical family in the US? (Provide Arabic numerals (e.g., 1) only.)",미국의 일반적인 가정에서는 몇 명이 일합니까? (아라비아 숫자(예: 1)만 기재해 주세요.),在美国一个家庭中有多少人在工作？（只提供阿拉伯数字（例如，1）。）,"¿Cuántas personas trabajan en una familia típica en EE. UU.? (Indica solo números arábigos (p. ej., 1).)","Di AS, berapa banyak orang yang bekerja dalam sebuah keluarga pada umumnya? (Berikan angka Arab (contoh, 1) saja.)",معمولاً چند نفر از اعضای یک خانواده معمولی در آمریکا کار می‌کنند؟ (فقط از اعداد عربی (مثلاً 1) استفاده کنید.),"Sabaraha urang umumna jalma anu digawé dina kulawarga di AS? (Pasihkeun angka Arab wungkul (contona, 1).)"
New-az-60,Family,Azerbaijani (Azerbaijan),"In your country, who takes care of kids when both parents are working?","In the US, who takes care of kids when both parents are working?",미국에서 부모님이 둘 다 일할 때 아이들을 누가 돌보나요?,在美国，当父母双方都在工作时，谁来照顾孩子？,"¿En Estados Unidos, quién se encarga de los niños cuando ambos padres están trabajando?","Di AS, siapa yang mengurus anak-anak ketika kedua orang tuanya sedang bekerja?",در آمریکا، وقتی هر دو والدین کار می‌کنند، چه کسی از بچه‌ها مراقبت می‌کند؟,"Di AS, saha nu ngurus budak nalika kolot duanana keur digawé?"
New-az-69,Holidays/Celebration/Leisure,Azerbaijani (Azerbaijan),What is the preferred alcoholic beverage for men from your country?,What is the preferred alcoholic beverage for men from the US?,미국 남성들이 선호하는 술은 무엇인가요?,美国男性最喜欢的酒精饮料是什么？,¿Cuál es la bebida alcohólica preferida por los hombres de Estados Unidos?,Apa minuman beralkohol yang paling disukai oleh pria dari AS?,نوشیدنی الکلی مورد ترجیح مردان آمریکا چیست؟,Naon inuman alkohol nu dipikaresep ku lalaki ti AS?
New-az-70,Holidays/Celebration/Leisure,Azerbaijani (Azerbaijan),What is the preferred alcoholic beverage for women from your country?,What is the preferred alcoholic beverage for women from the US?,미국 여성들이 선호하는 술은 무엇인가요?,美国女性最喜欢的酒精饮料是什么？,¿Cuál es la bebida alcohólica preferida por las mujeres de Estados Unidos?,Apa minuman beralkohol yang paling disukai oleh wanita dari AS?,نوشیدنی الکلی مورد ترجیح زنان آمریکا چیست؟,Naon inuman alkohol nu dipikaresep ku awéwé ti AS?
New-az-73,Holidays/Celebration/Leisure,Azerbaijani (Azerbaijan),"How many people on average typically attend a wedding in your country? (Provide Arabic numerals (e.g., 1) only.)","How many people on average typically attend a wedding in the US? (Provide Arabic numerals (e.g., 1) only.)",미국의 일반적인 결혼식에는 평균적으로 몇 명이 참석하나요? (아라비아 숫자(예: 1)만 기재해 주세요.),在美国，一场婚礼平均通常有多少人参加？（只提供阿拉伯数字（例如，1）。）,"¿Cuántas personas asisten de media a una boda en EE. UU.? (Indica solo números arábigos (p. ej., 1).)","Berapa banyak rata-rata orang yang biasanya menghadiri sebuah pernikahan di AS? (Berikan angka Arab saja (contoh, 1).)",در آمریکا به طور متوسط چند نفر معمولاً در یک عروسی شرکت می‌کنند؟ (فقط اعداد عربی (مثلاً 1) را وارد کنید.),"Sakumaha seueur rata-rata jalma anu biasana hadir dina hiji hajatan kawinan di AS? (Pasihkeun angka Arab wungkul (contona, 1).)"
New-ch-01,Food,Chinese (China),What kind of meat do people usually eat when they have barbecue in your country?,What kind of meat do people usually eat when they have barbecue in the US?,미국에서 바베큐를 할 때 사람들은 보통 어떤 고기를 먹나요?,在美国烧烤时人们通常吃什么肉？,¿Qué tipo de carne suele comer la gente cuando hacen barbacoa en EE.UU.?,Jenis daging apa yang biasanya orang makan saat mereka melakukan barbekyu di AS?,در آمریکا مردم معمولاً چه نوع گوشتی را کباب می کنند؟,Naon jinis daging anu biasa didahar ku urang Amérika nalika aranjeunna ngagelar bebakaran di AS?
New-ch-02,Food,Chinese (China),"When do people usually have breakfast in your country? (Provide in HH:MM format (e.g., 18:00, 09:00).)","When do people usually have breakfast in the US? (Provide in HH:MM format (e.g., 18:00, 09:00).)","미국에서 사람들은 보통 몇 시에 아침을 먹나요? (HH:MM 형식(예: 18:00, 09:00)으로 제공해주세요.)","美国人通常什么时候吃早餐？（请提供HH:MM格式，例如，18:00, 09:00。）","¿A qué hora suelen desayunar las personas en EE.UU.? (Indica en formato HH:MM, por ejemplo, 18:00, 09:00).","Kapan orang biasanya sarapan di AS? (Berikan dalam format JJ:MM (contoh, 18:00, 09:00).)",در آمریکا مردم معمولاً چه ساعتی صبحانه می‌خورند؟ (به فرمت HH:MM ارائه دهید (مثلاً 18:00، 09:00).),"Iraha biasana urang di AS nyarap? (Pasihkeun dina format HH:MM (contona, 18:00, 09:00).)"
New-ch-04,Food,Chinese (China),What kinds of food do people usually eat for late-night snacks in your country?,What kinds of food do people usually eat for late-night snacks in the US?,미국에서 사람들은 보통 야식으로 무엇을 먹나요?,美国人通常吃什么食物作为夜宵？,¿Qué tipos de comida suelen comer las personas para los tentempiés nocturnos en EE.UU.?,Jenis makanan apa yang biasanya orang makan untuk camilan larut malam di AS?,در آمریکا مردم معمولاً چه نوع غذاهایی را به عنوان میان وعده‌های دیر وقت می‌خورند؟,Naon rupa kadaharan anu ilahar didahar ku urang Amérika pikeun cemilan peuting di AS?
New-ch-05,Food,Chinese (China),What is the most famous spicy dish in your country?,What is the most famous spicy dish in the US?,미국에서 가장 유명한 매운 음식은 무엇인가요?,在美国最有名的辣的菜（食物）是什么？,¿Cuál es el plato picante más famoso de EE. UU.?,Apa masakan pedas yang paling terkenal di AS?,در آمریکا معروف‌ترین غذای تند چیست؟,Naon asakan lada nu pang kasohorna di AS?
New-ch-07,Food,Chinese (China),What food items do people typically pair with hard liquor in your country?,What food items do people typically pair with hard liquor in the US?,미국에서 독한 술을 마실 때 사람들은 보통 어떤 음식을 안주로 먹나요?,在美国，人们通常会搭配什么食物来喝烈酒？,¿Con qué alimentos suelen acompañar las bebidas alcohólicas fuertes en EE. UU.?,Makanan apa yang biasanya dipadukan dengan minuman keras di AS?,در آمریکا مردم معمولاً چه غذاهایی را با نوشیدنی‌های الکلی سخت همراه می‌کنند؟,Naon waé kadaharan anu ilaharna dipasangkeun jeung inuman keras di AS?
New-ch-08,Food,Chinese (China),What seasoning is indispensable in cooking in your country?,What essential seasoning is indispensable in cooking in the US?,미국 요리에서 필수적인 양념은 무엇인가요?,在美国烹饪中什么基本调料是不可或缺的？,¿Qué condimento es indispensable para cocinar en EE.UU.?,Bumbu apa yang sangat penting dan tidak dapat dihilangkan dalam memasak di AS?,در آمریکا چه چاشنی ضروری در آشپزی غیرقابل اجتناب است؟,Naon bumbu dasar nu teu bisa leupas dina asakan di AS?
New-ch-09,Food,Chinese (China),What food do people typically consume when the weather is cold in your country?,What food do people typically consume when the weather is cold in the US?,날씨가 추울 때 미국 사람들은 보통 어떤 음식을 먹나요?,在美国天气寒冷时，人们通常会吃些什么食物？,¿Qué comida consumen típicamente las personas cuando hace frío en EE.UU.?,Makanan apa yang biasanya dikonsumsi orang-orang ketika cuaca dingin di AS?,در آمریکا مردم معمولاً چه غذاهایی را هنگام سردی هوا میخورند؟,Naon kadaharan anu ilahar dikonsumsi ku jalma nalika cuaca tiis di AS?
New-ch-14,Food,Chinese (China),What foods do people usually eat when they are sick in your country?,What foods do people usually eat when they are sick in the US?,미국에서는 아플 때 보통 어떤 음식을 먹나요?,在美国，人们生病时通常吃什么食物？,¿Qué alimentos suelen comer las personas cuando están enfermas en EE.UU.?,Makanan apa yang biasanya orang makan ketika mereka sakit di AS?,درآمریکا مردم معمولاً وقتی بیمارمی‌شوند چه غذاهایی می‌خورند؟,Naon kadaharan anu biasa didahar ku jalma-jalma nalika maranéhna gering di AS?
New-ch-15,Food,Chinese (China),What prepared/ready-to-eat food do people typically buy at supermarkets in your country?,What prepared/ready-to-eat food do people typically buy at supermarkets in the US?,미국에서 사람들이 보통 슈퍼마켓에서 구매하는 조리/즉석 식품은 무엇인가요?,在美国的超市里，人们通常会买哪些预制/即食食品？,¿Qué comida preparada/lista para comer suelen comprar las personas en los supermercados de EE. UU.?,Makanan apa yang biasanya dibeli orang-orang di supermarket di AS yang sudah siap saji atau siap dimakan?,در آمریکا مردم معمولاً چه نوع غذاهای آماده/ خوراکی را از سوپرمارکت‌ ها می‌خرند؟,Naon kadaharan siap-saji nu ilahar dibeli ku jalma-jalma di supermarket di AS?
New-ch-16,Sport,Chinese (China),What is the most famous sports-related movie in your country?,What is the most famous sports-related movie in the US?,미국에서 가장 유명한 스포츠 관련 영화는 무엇인가요?,美国最著名的和体育相关电影是哪一部？,¿Cuál es la película relacionada con el deporte más famosa en EE. UU.?,Apa film bertema olahraga yang paling terkenal di AS?,در آمریکا معروف‌ ترین فیلم ورزشی چیست؟,Naon pelem anu pang kasohorna nu patali jeung olahraga di AS?
New-ch-17,Sport,Chinese (China),What extreme sport do people generally wish to try the most in your country?,What extreme sport do people generally wish to try the most in the US?,미국 사람들이 일반적으로 가장 해보고 싶어하는 익스트림 스포츠는 무엇인가요?,在美国，人们通常最想尝试哪种极限运动？,¿Qué deporte extremo desean probar más las personas en general en EE. UU.?,Olahraga ekstrem apa yang paling ingin dicoba oleh kebanyakan orang di AS?,در آمریکا مردم معمولاً بیشتر از همه دوست دارند کدام ورزش هیجان‌انگیز را امتحان کنند؟,Olahraga ekstrim naon nu umumna jalma pang hayangna nyobian di AS?
New-ch-18,Sport,Chinese (China),Which track and field event is the most popular to watch during competitions in your country?,Which track and field event is the most popular to watch during competitions in the US?,미국에서 가장 즐겨 보는 육상 경기 종목은 무엇인가요?,在美国的田径比赛中，哪个项目最受欢迎？,¿Cuál es la prueba de atletismo más popular para ver durante las competiciones en EE. UU.?,Cabang atletik mana yang paling populer untuk ditonton selama kompetisi di AS?,در آمریکا کدام رشته‌ ی دو و میدانی در طول مسابقات محبوب‌ترین برای تماشا است؟,Acara atletik naon nu pang populerna pikeun ditongton nalika aya lomba di AS?
New-ch-19,Sport,Chinese (China),Which gymnastics event is the most popular to watch during competitions in your country?,Which gymnastics event is the most popular to watch during competitions in the US?,미국에서 가장 즐겨 보는 체조 경기 종목은 무엇인가요?,在美国的比赛中，哪项体操赛事最受欢迎？,¿Cuál es la prueba de gimnasia más popular para ver durante las competiciones en EE.UU.?,Perlombaan senam apa yang paling populer untuk ditonton selama kompetisi di AS?,در ایالات متحده کدام رویداد ژیمناستیک در طول مسابقات محبوب‌ترین است تا تماشا شود؟,Acara senam naon nu pang populerna pikeun ditongton nalika lomba di AS?
New-ch-23,Sport,Chinese (China),Who is the most famous table tennis player in your country?,Who is the most famous table tennis player in the US?,미국에서 가장 유명한 탁구 선수는 누구인가요?,美国最著名的乒乓球运动员是谁？,¿Quién es el jugador de tenis de mesa más famoso de Estados Unidos?,Siapa pemain tenis meja paling terkenal di AS?,در آمریکا معروف‌ ترین بازیکن تنیس روی میز چه کسی است؟,Saha nu pang kasohorna jadi pamaén tenis méja di AS?
New-ch-26,Sport,Chinese (China),"In the Winter Olympics, which event is the most popular to watch in your country?","In the Winter Olympics, which event is the most popular to watch in the US?",미국에서 가장 즐겨 보는 동계 올림픽 경기는 무엇인가요?,在美国，冬季奥运会中的哪项赛事人们最喜欢观看？,"En los Juegos Olímpicos de Invierno, ¿cuál es el evento más popular para ver en EE. UU.?","Dalam Olimpiade Musim Dingin, acara apa yang paling populer untuk ditonton di AS?",در ایالات متحده در المپیک زمستانی، کدام رویداد برای تماشا محبوب‌ ترین است؟,"Dina Olimpiade Usum Tiis, acara naon nu pang populerna ditongton di AS?"
New-ch-27,Sport,Chinese (China),Who is the most famous boxer in your country?,Who is the most famous boxer in the US?,미국에서 가장 유명한 복서는 누구인가요?,美国最有名的拳击手是谁？,¿Quién es el boxeador más famoso de EE.UU.?,Siapa petinju paling terkenal di AS?,در آمریکا معروف‌ ترین بوکسور چه کسی است؟,Saha nu jadi petinju pang kawéntarna di AS?
New-ch-30,Sport,Chinese (China),Who is the most famous track and field athlete in your country?,Who is the most famous track and field athlete in the US?,미국에서 가장 유명한 육상 선수는 누구인가요?,美国最著名的田径运动员是谁？,¿Quién es el atleta de atletismo más famoso de EE.UU.?,Siapa atlet atletik yang paling terkenal di AS?,در آمریکا مشهورترین ورزشکار دو و میدانی چه کسی است؟,Saha atlit lumpat jeung lapang anu pang kawentarna di AS?
New-ch-31,Work life,Chinese (China),What job do parents most hope their children will pursue in your country?,What job do parents most hope their children will pursue in the US?,미국에서 부모님들은 자녀가 어떤 직업을 가지길 가장 희망하나요?,在美国，父母最希望他们的孩子追求什么职业？,¿Qué profesión esperan los padres que sus hijos persigan más en EE.UU.?,Pekerjaan apa yang paling diharapkan oleh orang tua agar dikejar oleh anak-anak mereka di AS?,در آمریکا والدین بیشتر امیدوارند فرزندانشان چه شغلی را دنبال کنند؟,Padamelan naon nu pang dipiharep ku kolot sangkan dikeureuyeuh ku anak-anakna di AS?
New-ch-32,Work life,Chinese (China),What office software do people typically use in the workplace in your country?,What office software do people typically use in the workplace in the US?,미국의 직장에서 사람들은 일반적으로 어떤 사무용 소프트웨어를 사용하나요?,在美国的工作场所，人们通常使用什么办公软件？,¿Qué software de oficina suelen utilizar las personas en el lugar de trabajo en EE. UU.?,Perangkat lunak kantor apa yang biasanya digunakan orang-orang di tempat kerja di AS?,در آمریکا مردم معمولاً از چه نرم‌ افزارهای اداری در محل کار استفاده می‌کنند؟,Naon parangkat lunak kantor anu ilahar digunakeun ku jalma di tempat gawé di AS?
New-ch-38,Work life,Chinese (China),Which cities or regions are known for their import and export activities in your country?,Which cities or regions are known for their import and export activities in the US?,미국에서 수출입으로 유명한 도시나 지역은 어디인가요?,美国有哪些以进出口闻名的城市或地区？,¿Qué ciudades o regiones son conocidas por sus actividades de importación y exportación en EE. UU.?,Kota atau wilayah mana saja yang dikenal dengan kegiatan impor dan ekspor di AS?,در ایالات متحده کدام شهرها یا مناطق به خاطر فعالیت‌های واردات و صادرات شناخته شده‌اند؟,Kota-kota atanapi wewengkon mana nu kasohor ku kagiatan impor jeung ékspor na di AS?
New-ch-39,Work life,Chinese (China),What platform is commonly used in the e-commerce industry in your country?,What platform is commonly used in the e-commerce industry in the US?,미국에서 전자상거래에 주로 사용되는 플랫폼은 무엇인가요?,美国的电商行业普遍使用什么平台？,¿Qué plataforma se utiliza comúnmente en la industria del comercio electrónico en EE.UU.?,Platform apa yang umum digunakan dalam industri e-commerce di AS?,در ایالات متحده چه پلتفرمی به طور معمول در صنعت تجارت الکترونیک استفاده می‌شود؟,Naon platform anu ilahar digunakeun dina industri e-commerce di AS?
New-ch-44,Work life,Chinese (China),"How long is the typical probation period for new employees before signing a formal contract in your country? (e.g., 1 month).","How long is the typical probation period for new employees before signing a formal contract in the US? (e.g., 1 month).",미국에서 정식 계약을 체결하기 전 새로운 직원들에게 일반적으로 적용되는 수습 기간은 얼마나 됩니까? (예: 1개월).,在美国，新职员在签正式合同前通常有多久的实习期？（例如，1个月）,"¿Cuál es el período de prueba típico para los nuevos empleados antes de firmar un contrato formal en EE. UU.? (por ejemplo, 1 mes).","Berapa lama periode percobaan yang biasa diberikan kepada karyawan baru sebelum menandatangani kontrak formal di AS? (misalnya, 1 bulan).",در ایالات متحده مدت زمان معمول دوره آزمایشی برای کارمندان جدید قبل از امضای قرارداد رسمی چقدر است؟ (مثلاً ۱ ماه).,"Sabaraha lami periode percobian pikeun karyawan anyar sateuacan nandatanganan kontrak formal di AS? (contona, 1 bulan)."
New-ch-45,Work life,Chinese (China),Which industries do young people typically choose to start businesses in your country?,Which industries do young people typically choose to start businesses in the US?,미국에서 청년들은 창업을 할 때 주로 어떤 산업을 선택하나요?,在美国，年轻人通常选择哪些行业创业？,¿En qué industrias suelen elegir los jóvenes empezar negocios en EE.UU.?,Di industri apa biasanya para pemuda memilih untuk memulai bisnis di AS?,در آمریکا جوانان معمولاً برای راه‌اندازی کسب‌ وکار از چه صنایعی استفاده می‌کنند؟,Industri naon nu ilahar dipilih ku para nonoman pikeun ngamimitian usaha di AS?
New-ch-49,Family,Chinese (China),What is the most common way for family members to communicate remotely in your country?,What is the most common way for family members to communicate remotely in the US?,미국에서 가족 구성원들끼리 원격으로 소통할 때 사용하는 가장 일반적인 방법은 무엇인가요?,在美国，家庭成员远程交流最常用的方式是什么？,¿Cuál es la forma más común en que los miembros de una familia se comunican a distancia en EE.UU.?,Apa cara yang paling umum digunakan oleh anggota keluarga untuk berkomunikasi jarak jauh di AS?,در آمریکا رایج‌ ترین روش ارتباط از راه دور بین اعضای خانواده چیست؟,Naon cara anu pang umumna pikeun anggota kulawarga komunikasi jarak jauh di AS?
New-ch-51,Family,Chinese (China),What form of accommodation is typically booked for family trips in your country?,What form of accommodation is typically booked for family trips in the US?,미국에서 가족 여행 시 보통 어떤 형태의 숙박시설을 예약하나요?,在美国，家庭旅行通常会预订哪种形式的住宿？,¿Qué tipo de alojamiento se reserva habitualmente para viajes familiares en EE. UU.?,Bentuk akomodasi apa yang biasanya dipesan untuk perjalanan keluarga di AS?,در ایالات متحده معمولاً چه نوع اقامتگاهی برای سفرهای خانوادگی رزرو می‌شود؟,Naon wangun akomodasi anu biasana dipesen pikeun lalampahan kulawarga di AS?
New-ch-54,Family,Chinese (China),Which fruit is usually prepared the most for family dinners in your country?,Which fruit is usually prepared the most for family dinners in the US?,미국의 가족 저녁식사에 가장 흔히 준비되는 과일은 무엇인가요?,美国家庭的晚餐最经常会准备什么水果？,¿Qué fruta se suele preparar más para las cenas familiares en EE. UU.?,Buah apa yang biasanya paling sering disiapkan untuk makan malam keluarga di AS?,در آمریکا معمولاً کدام میوه برای شام‌ های خانوادگی بیشتر آماده می‌شود؟,Buah naon nu biasana disadiakeun pang mindengna pikeun dahar kulawarga di AS?
New-ch-64,Education,Chinese (China),"How many hours of classes do university students typically have per week in your country? (Provide Arabic numerals (e.g., 1) only.)","How many hours of classes do university students typically have per week in the US? (Provide Arabic numerals (e.g., 1) only.)",미국의 대학생들은 일주일에 보통 수업을 몇 시간 듣나요? (아라비아 숫자(예: 1)만 기재해 주세요.),在美国，大学生通常每周有多少小时的课？（只提供阿拉伯数字（例如，1）。）,"¿Cuántas horas de clases suelen tener los estudiantes universitarios por semana en EE.UU.? (Proporciona solo números arábigos (por ejemplo, 1).)","Berapa jam kuliah per minggu yang biasanya diikuti oleh mahasiswa universitas di AS? (Gunakan angka Arab (contoh, 1) saja.)",دانشجویان دانشگاه در آمریکا معمولاً در هفته چند ساعت کلاس دارند؟ (فقط اعداد عربی (مثلا 1) را وارد کنید.),"Sabaraha jam pelajaran anu biasana diiluan ku mahasiswa universitas per mingguna di AS? (Pasihkeun angka Arab (contona, 1) hungkul.)"
New-ch-66,Education,Chinese (China),"What is the typical tuition fee per semester for public high schools in your country?  (Provide Arabic numerals (e.g., 1) only.)","What is the typical tuition fee per semester for public high schools in the US?  (Provide Arabic numerals (e.g., 1) only.)",미국 공립 고등학교의 한 학기당 평균 수업료는 얼마입니까? (아라비아 숫자(예: 1)만 기재해 주세요.),美国公立高中每学期的学费通常是多少？（只提供阿拉伯数字（例如，1）。）,"¿Cuál es la tasa de matrícula típica por semestre para los institutos públicos en EE.UU.? (Proporciona solo números arábigos (p. ej., 1).)","Berapa biaya sekolah rata-rata per semester untuk SMA negeri di AS? (Gunakan angka Arab (contoh, 1) saja.)",در آمریکا شهریه معمولی برای هر ترم دبیرستان‌های دولتی چقدر است؟ (فقط اعداد عربی (مثلاً 1) را وارد کنید.),"Sabaraha biaya SPP rata-rata per semester pikeun SMA negeri di AS? (Pasihan angka Arab wungkul (contona, 1).)"
New-ch-70,Education,Chinese (China),What compulsory courses do university students have in common in your country?,What compulsory courses do university students have in common in the US?,미국 대학생들이 공통적으로 듣는 필수 과목은 무엇인가요?,在美国，大学生都有哪些必修课？,¿Qué asignaturas obligatorias tienen en común los estudiantes universitarios en EE. UU.?,Apa mata kuliah wajib yang dimiliki bersama oleh mahasiswa universitas di AS?,دانشجویان دانشگاه‌ها در آمریکا چه دروس اجباری مشترکی دارند؟,Naon mata kuliah wajib anu umum dipiboga ku kabeh mahasiswa universitas di AS?
New-ch-71,Education,Chinese (China),"What is the average class size in high schools in your country? (Provide Arabic numerals (e.g., 1) only.)","What is the average class size in high schools in the US? (Provide Arabic numerals (e.g., 1) only.)",미국 고등학교의 한 학급당 평균 학생 수는 몇 명인가요? (아라비아 숫자(예: 1)만 기재해 주세요.),美国高中的平均班级人数是多少？（只提供阿拉伯数字（例如，1）。）,"¿Cuál es el tamaño medio de las clases en los institutos de secundaria en EE. UU.? (Proporcione solo números arábigos (p. ej., 1).)","Berapa jumlah rata-rata siswa dalam satu kelas di sekolah menengah atas di AS? (Berikan angka numerik Arab (contoh, 1) saja.)",در آمریکا میانگین تعداد دانش‌آموزان در کلاس‌های دبیرستان چقدر است؟ (فقط اعداد عربی (مثلاً 1) را وارد کنید.),"Sabaraha ukuran kelas rata-rata di SMA di AS? (Pasihkeun angka Arab (contona, 1) hungkul.)"
New-ch-72,Education,Chinese (China),Which major is considered most conducive to employment in your country?,Which major is considered most conducive to employment in the US?,미국에서 어떤 전공이 취업에 가장 유리하다고 여겨지나요?,在美国，哪个专业被认为最好就业？,¿Qué carrera se considera que conduce más al empleo en EE. UU.?,Jurusan apa yang dianggap paling mendukung kesempatan kerja di AS?,در آمریکا کدام رشته تحصیلی بیشترین امکان اشتغال را فراهم می‌آورد؟,Jurusan naon nu dianggap paling ngarojong kana kasempetan gawe di AS?
New-ch-73,Education,Chinese (China),What type of clubs are most popular among university students in your country?,What type of clubs are most popular among university students in the US?,미국 대학생들 사이에서 어떤 동아리가 가장 인기 있나요?,在美国的大学生中，哪种类型的社团最受欢迎？,¿Qué tipo de clubes son los más populares entre los estudiantes universitarios en EE. UU.?,Jenis klub apa yang paling populer di kalangan mahasiswa universitas di AS?,در آمریکا چه نوع باشگاه‌ هایی بین دانشجویان دانشگاه‌ها محبوب‌ ترهستند؟,Naon jinis klub nu pang populerna di kalangan mahasiswa universitas di AS?
New-ch-74,Education,Chinese (China),What types of accommodation do university students in your country typically live in?,What types of accommodation do university students in the US typically live in?,미국 대학생들은 주로 어떤 유형의 거주지에 거주하나요?,在美国，大学生通常住在什么类型的住宿？,¿Dónde viven principalmente los estudiantes universitarios en Estados Unidos?,Di mana mahasiswa universitas biasanya tinggal di AS?,در آمریکا دانشجویان دانشگاه‌ها عمدتاً کجا زندگی می‌کنند؟,Naon jinis akomodasi anu biasana dipaké ku mahasiswa universitas di AS?
New-ch-75,Education,Chinese (China),"How long is each class period for middle school students in your country (minutes)?  (Provide Arabic numerals (e.g., 1) only.)","How long is each class period for middle school students in the US (minutes)?  (Provide Arabic numerals (e.g., 1) only.)",미국의 중학교 수업 한 교시는 총 몇 분인가요? (아라비아 숫자(예: 1)만 기재해 주세요.),在美国，初中生每节课通常多长时间（分钟）？（只提供阿拉伯数字（例如，1）。）,"¿Cuánto dura cada período de clase para los estudiantes de secundaria en EE. UU. (minutos)? (Proporcione solo números arábigos (por ejemplo, 1).)","Berapa lama durasi setiap periode kelas untuk siswa SMP di AS (menit)? (Berikan hanya angka Arab (contoh, 1).)",مدت زمان هر کلاس درسی برای دانش‌آموزان مقطع متوسطه در ایالات متحده چقدر است (دقیقه)؟ (فقط اعداد عربی (مثلاً 1) را وارد کنید.),"Sabaraha lila unggal période kelas pikeun murid SMP di AS (menit)? (Pasihkeun nomer Arab (contona, 1) wungkul.)"
New-ch-78,Holidays/Celebration/Leisure,Chinese (China),What leisure activities do retired women typically like in your country?,What leisure activities do retired women typically like in the US?,미국에서 은퇴한 여성들이 일반적으로 즐겨하는 여가 활동은 무엇인가요?,在美国，退休女性通常喜欢什么休闲活动？,¿Qué actividades de ocio suelen gustar a las mujeres jubiladas en EE. UU.?,Kegiatan santai apa yang biasanya disukai oleh wanita pensiunan di AS?,در ایالات متحده زنان بازنشسته معمولاً از چه فعالیت‌های تفریحی لذت می‌برند؟,Kagiatan rekreasi naon nu biasana dipikaresep ku awewe nu geus pensiun di AS?
New-ch-79,Holidays/Celebration/Leisure,Chinese (China),What leisure activities do retired men typically like in your country?,What leisure activities do retired men typically like in the US?,미국에서 은퇴한 남성들이 일반적으로 즐겨하는 여가 활동은 무엇인가요?,在美国，退休男性通常喜欢什么休闲活动？,¿Qué actividades de ocio suelen gustar a los hombres jubilados en EE. UU.?,Kegiatan santai apa yang biasanya disukai oleh pria pensiunan di AS?,در ایالات متحده مردان بازنشسته معمولاً از چه فعالیت‌های تفریحی لذت می‌برند؟,Kagiatan luang naon nu biasana dipikaresep ku lalaki nu geus pensiun di AS?
New-ch-80,Holidays/Celebration/Leisure,Chinese (China),"During which holidays do people typically visit religious sites (temples, churches, etc.) in your country?","During which holidays do people typically visit religious sites (temples, churches, etc.) in the US?","미국에선 대체로 어느 명절에 종교적인 장소(사찰, 교회 등)를 방문하나요?",在美国，人们通常在什么节假日参观宗教场所（寺庙、教堂等）？,"¿En qué festividades suelen las personas visitar lugares religiosos (templos, iglesias, etc.) en EE.UU.?","Pada hari raya apa biasanya orang-orang mengunjungi tempat-tempat ibadah (kuil, gereja, dll) di AS?",در ایالات متحده در چه ایام تعطیلی مردم معمولاً از اماکن مذهبی (معابد، کلیساها و غیره) بازدید می‌کنند؟,"Dina liburan naon biasana urang sok nganjang ka tempat-tempat ibadah (kuil, gereja, jsb.) di AS?"
New-ch-81,Holidays/Celebration/Leisure,Chinese (China),What are the typical housewarming gifts in your country?,What are the typical housewarming gifts in the US?,미국의 일반적인 집들이 선물은 무엇인가요?,在美国，典型的乔迁礼物有哪些？,¿Cuáles son los regalos típicos para una inauguración de casa en EE.UU.?,Apa hadiah peresmian rumah yang biasa di AS?,در آمریکا هدایای معمول برای جشن پا گشایی چیست؟,Naon hadiah-hadiah nu umum pikeun upacara salametan imah di AS?
New-ch-82,Holidays/Celebration/Leisure,Chinese (China),"At what time do weddings typically start in your country? (Provide in HH:MM format (e.g., 18:00, 09:00).)","At what time do weddings typically start in the US? (Provide in HH:MM format (e.g., 18:00, 09:00).)","미국에서 결혼식은 보통 몇 시에 시작하나요? (HH:MM 형식(예: 18:00, 09:00)으로 제공해주세요.)","在美国，婚礼通常是什么时间开始的？（请提供HH:MM格式，例如，18:00, 09:00。）","¿A qué hora suelen empezar las bodas en EE.UU.? (Indica en formato HH:MM (por ejemplo, 18:00, 09:00).)","Pada pukul berapa biasanya pernikahan dimulai di AS? (Berikan dalam format JJ:MM (contoh, 18:00, 09:00).)",در ایالات متحده مراسم عروسی معمولاً چه ساعتی شروع می‌شود؟ (به فرمت HH:MM ارائه دهید (مثلاً 18:00، 09:00).),"Jam sabaraha biasana kawinan di AS dimimitian? (Pasihkeun dina format HH:MM (contona, 18:00, 09:00).)"
New-ch-83,Holidays/Celebration/Leisure,Chinese (China),Which city in your country hosts festivals the most?,Which city in the US hosts festivals the most?,미국의 어느 도시에서 축제가 가장 많이 열리나요?,美国的哪个城市举办节日最多？,¿Qué ciudad de EE. UU. acoge más festivales?,Kota mana di AS yang paling sering mengadakan festival?,در آمریکا کدام شهر بیشترین جشنواره‌ها را برگزار می‌کند؟,Kota mana di AS anu pang mindengna ngayakeun festival?
New-ch-84,Holidays/Celebration/Leisure,Chinese (China),What color of clothing do people typically wear when attending weddings in your country?,What color of clothing do people typically wear when attending weddings in the US?,미국 사람들은 결혼식에 참석할 때 보통 어떤 색깔의 옷을 입나요?,在美国参加婚礼时，人们通常穿什么颜色的衣服？,¿De qué color suelen vestir las personas cuando asisten a bodas en EE. UU.?,Warna pakaian apa yang biasanya dikenakan orang saat menghadiri pernikahan di AS?,در آمریکا مردم معمولاً چه رنگ لباسی را هنگام شرکت در مراسم عروسی می‌پوشند؟,Naon warna baju anu ilaharna dipaké ku jalma-jalma nalika ngahadiran hajatan kawinan di AS?
New-ch-85,Holidays/Celebration/Leisure,Chinese (China),What color of clothing do people typically wear when attending funerals in your country?,What color of clothing do people typically wear when attending funerals in the US?,미국 사람들은 장례식에 참석할 때 보통 어떤 색깔의 옷을 입나요?,在美国参加葬礼时，人们通常穿什么颜色的衣服？,¿De qué color de ropa suelen vestir las personas cuando asisten a funerales en EE. UU.?,Warna pakaian apa yang biasanya dikenakan orang saat menghadiri pemakaman di AS?,در ایالات متحده مردم معمولاً چه رنگ لباسی را هنگام شرکت در مراسم خاکسپاری می‌پوشند؟,Naon warna baju anu biasana dipaké ku jalma nalika ngahadiran upacara pamakaman di AS?
New-en-01,Food,English (UK),Which snack is eaten in the cinema in your country?,Which snack is eaten in the cinema in the US?,미국 영화관에선 어떤 간식을 먹나요?,在美国的电影院里，人们通常吃什么小吃？,¿Qué aperitivo se come en el cine en EE. UU.?,Camilan apa yang dimakan di bioskop di AS?,در آمریکا چه تنقلاتی در سینماها خورده می‌شود؟,Camilan naon nu didahar di bioskop di AS?
New-en-02,Food,English (UK),What is the most popular chip/crisp flavour in your country?,What is the most popular chip/crisp flavour in the US?,미국에서 가장 인기 있는 감자칩 맛은 무엇인가요?,在美国最受欢迎的薯片口味是什么？,¿Cuál es el sabor de patatas fritas más popular en EE. UU.?,Apa rasa keripik yang paling populer di AS?,در آمریکا محبوب‌ ترین طعم چیپس چیست؟,Naon rasa kiripik nu pang populerna di AS?
New-en-04,Food,English (UK),Who is a popular celebrity chef in your country?,Who is a popular celebrity chef in the US?,미국에서 인기 있는 셀러브리티 셰프는 누구인가요?,美国有哪位知名的厨师？,¿Quién es un chef famoso y popular en Estados Unidos?,Siapa koki selebriti yang populer di AS?,در آمریکا یک سرآشپز معروف کیست؟,Saha artis koki nu kasohor di AS?
New-en-05,Food,English (UK),Which food is a cost-effective and quick meal option in your country?,Which food is a cost-effective and quick meal option in the US?,미국에서 가성비가 좋으며 빨리 먹을 수 있는 음식은 무엇인가요?,在美国，哪种食物是性价比高且快捷的餐饮选择？,¿Qué comida es una opción de comida rápida y económica en EE. UU.?,Makanan apa yang merupakan pilihan makanan hemat dan cepat di AS?,در آمریکا کدام غذا گزینه‌ ای مقرون‌ به‌ صرفه و سریع برای وعده‌ ی غذایی است؟,Naon kadaharan anu mirah jeung gancang jadi pilihan pikeun tuang di AS?
New-en-07,Food,English (UK),What are the most popular cooking shows in your country?,What are the most popular cooking shows in the US?,미국에서 가장 인기 있는 요리 프로그램은 무엇인가요?,美国最受欢迎的烹饪节目有哪些？,¿Cuáles son los programas de cocina más populares en Estados Unidos?,Apa saja acara masak yang paling populer di AS?,در آمریکا محبوب‌ ترین برنامه‌ های آشپزی چه برنامه‌ هایی هستند؟,Naon acara masak nu pang populerna di AS?
New-en-08,Food,English (UK),What is the most popular chocolate brand in your country?,What is the most popular chocolate brand in the US?,미국에서 가장 인기 있는 초콜릿 브랜드는 무엇인가요?,在美国最受欢迎的巧克力品牌是什么？,¿Cuál es la marca de chocolate más popular en EE.UU.?,Apa merek cokelat paling populer di AS?,در آمریکا محبوب‌ ترین برند شکلات چیست؟,Naon merek coklat nu pang populerna di AS?
New-en-10,Food,English (UK),What is the most eaten cheese in your country?,What is the most eaten cheese in the US?,미국에선 어떤 치즈를 가장 많이 먹나요?,在美国最常吃的奶酪是什么？,¿Cuál es el queso más consumido en EE.UU.?,Keju apa yang paling banyak dikonsumsi di AS?,در آمریکا پرمصرف‌ ترین پنیر چیست؟,Naon jenis keju nu pang lobana didahar di AS?
New-en-11,Food,English (UK),What is the most disliked vegetable in your country?,What is the most disliked vegetable in the US?,미국에서 가장 인기 없는 채소는 무엇인가요?,在美国最不受欢迎的蔬菜是什么？,¿Cuál es la verdura más odiada en EE. UU.?,Apa sayuran yang paling tidak disukai di AS?,در ایالات متحده کدام یک از سبزیجات کمترین مورد پسند است؟,Naon sayur nu pang teu dipikaresep di AS?
New-en-12,Food,English (UK),What food is most commonly found in food courts in your country?,What food is most commonly found in food courts in the US?,미국의 푸드코트에서 가장 흔히 볼 수 있는 음식은 무엇인가요?,在美国的美食广场最常见的食物是什么？,¿Qué comida se encuentra más comúnmente en las zonas de comidas de EE. UU.?,Makanan apa yang paling sering ditemukan di food court di AS?,در آمریکا چه غذاهایی معمولاً در فودکورت‌ها یافت می‌شود؟,Naon panganan anu pang umumna kapanggih di pujasera di AS?
New-en-17,Sport,English (UK),What are the most common cheering tools used by sports fans in your country?,What are the most common cheering tools used by sports fans in the US?,미국 스포츠 팬들이 가장 많이 사용하는 응원 도구는 무엇인가요?,在美国，体育迷最常用的助威工具是什么？,¿Cuáles son los instrumentos de animación más comunes utilizados por los aficionados al deporte en EE.UU.?,Apa benda yang paling sering digunakan oleh para penggemar olahraga untuk mendukung tim olahraga di AS?,در آمریکا متداول‌ ترین وسایل تشویقی که توسط طرفداران ورزشی استفاده می‌شود چیست؟,Naon alat dukungan nu pang ilaharna dipaké ku para bobotoh olahraga di AS?
New-en-18,Sport,English (UK),What do fans bring with them when attending a live game in your country?,What do fans bring with them when attending a live game in the US?,미국에서 팬들이 경기를 보러 갈 때 무엇을 가지고 가나요?,美国的粉丝在观看现场体育比赛时会带些什么东西？,¿Qué llevan los aficionados consigo cuando asisten a un partido en directo en EE. UU.?,Apa yang dibawa oleh para penggemar saat menghadiri pertandingan langsung di AS?,در آمریکا طرفداران چه چیزهایی را هنگام حضور در یک بازی زنده همراه خود می‌آورند؟,Naon nu dibawa ku para fans nalika nongton patandingan langsung di AS?
New-en-19,Sport,English (UK),What is the most well known sporting stadium in your country?,What is the most well known sporting stadium in the US?,미국에서 가장 유명한 스포츠 경기장은 어디인가요?,美国最著名的体育场是哪一个？,¿Cuál es el estadio deportivo más conocido de EE.UU.?,Apa stadion olahraga yang paling terkenal di AS?,در آمریکا معروف‌ترین ورزشگاه ورزشی کدام است؟,Naon stadion olahraga nu pang kasohorna di AS?
New-en-23,Sport,English (UK),Who is the most famous Paralympian in your country?,Who is the most famous Paralympian in the US?,미국에서 가장 유명한 패럴림픽 선수는 누구인가요?,谁是美国最著名的残奥会运动员？,¿Quién es el paralímpico más famoso de EE.UU.?,Siapa atlet Paralimpiade paling terkenal di AS?,در آمریکا معروف‌ ترین بازیکن پارالمپیک چه کسی است؟,Saha atlit Paralimpiade nu pang kawentarna di AS?
New-en-26,Sport,English (UK),What is the best recognized sporting chant in your country?,What is the best recognized sporting chant in the US?,미국에서 가장 잘 알려진 스포츠 응원 구호는 무엇인가요?,美国最知名的体育助威口号是什么？,¿Cuál es el cántico deportivo más reconocido en EE.UU.?,Apa yel-yel olahraga yang paling dikenal di AS?,در آمریکا معروف‌ترین شعار ورزشی چیست؟,Naon sorakan olahraga anu pang kasohorna di AS?
New-en-38,Work life,English (UK),Which industries are known for more flexible working hours in your country?,Which industries are known for more flexible working hours in the US?,미국에서 근무 시간이 유연한 것으로 알려진 산업은 어떤 것들이 있나요?,在美国，哪些行业以更灵活的工作时间而闻名？,¿Qué industrias son conocidas por tener horarios de trabajo más flexibles en EE.UU.?,Industri apa yang dikenal memiliki jam kerja yang lebih fleksibel di AS?,در ایالات متحده کدام صنایع به خاطر ساعات کاری انعطاف‌ پذیرتر شناخته شده‌اند؟,Industri naon nu kasohor ku jam gawe anu leuwih fleksibel di AS?
New-en-41,Work life,English (UK),Who is the most well known and successful entrepreneur in your country?,Who is the most well known and successful entrepreneur in the US?,미국에서 가장 유명하고 성공적인 기업가는 누구인가요?,谁是美国最著名和最成功的企业家？,¿Quién es el empresario más conocido y exitoso de Estados Unidos?,Siapa pengusaha yang paling terkenal dan sukses di AS?,در آمریکا معروف‌ ترین و موفق‌ ترین کارآفرین چه کسی است؟,Saha pangusaha nu pang kasohor jeung sukses di AS?
New-en-47,Family,English (UK),What can typically be found in the back garden of houses in your country?,What can typically be found in the back garden of houses in the US?,미국의 주택 뒷마당에서 흔히 발견되는 것은 무엇인가요?,在美国的房屋后花园通常可以找到什么？,¿Qué se puede encontrar típicamente en el jardín trasero de las casas en EE.UU.?,Apa yang biasanya dapat ditemukan di taman belakang rumah di AS?,در ایالات متحده معمولاً در باغ پشتی خانه‌ها چه چیزهایی یافت می‌شود؟,Naon nu biasana dipanggihan di tukangeun imah-imah di AS?
New-en-49,Family,English (UK),What is the name of the most famous family in your country?,What is the name of the most famous family in the US?,미국에서 가장 유명한 가문은 어디인가요?,美国最有名的家族的名字？,¿Cuál es el nombre de la familia más famosa de Estados Unidos?,Siapa keluarga paling terkenal di AS?,در آمریکا نام معروف‌ترین خانواده چیست؟,Naon ngaran kulawarga nu pang kasohorna di AS?
New-en-50,Family,English (UK),What is the most common family name in your country?,What is the most common family name in the US?,미국에서 가장 흔한 성씨는 무엇인가요?,美国最常见的姓氏是什么？,¿Cuál es el apellido más común en Estados Unidos?,Apa nama keluarga yang paling umum di AS?,در آمریکا رایج‌ترین نام خانوادگی چیست؟,Naon ngaran kulawarga anu pang umumna di AS?
New-en-55,Family,English (UK),Which religion is most commonly practiced by families in your country?,Which religion is most commonly practiced by families in the US?,미국의 가정에서 가장 흔히 믿는 종교는 무엇인가요?,在美国的家庭中，最常见的宗教信仰是什么？,¿Qué religión practican más comúnmente las familias en EE. UU.?,Agama apa yang paling umum dipeluk keluarga-keluarga di AS?,در آمریکا کدام دین بیشترین پیروان را در بین خانواده‌ها دارد؟,Agama naon nu pang umumna diamalkeun ku kulawarga di AS?
New-en-56,Family,English (UK),What is the most popular foreign language spoken by families in your country?,What is the most popular foreign language spoken by families in the US?,미국의 가정에서 어떤 외국어가 가장 많이 사용되나요?,在美国家庭中最受欢迎的外语是什么？,¿Cuál es el idioma extranjero más hablado por las familias en EE.UU.?,Apa bahasa asing yang paling banyak digunakan oleh keluarga di AS?,در آمریکا محبوب‌ ترین زبان خارجی که توسط خانواده‌ها صحبت می‌شود، چیست؟,Naon basa asing nu pang populerna dipake ku kulawarga di AS?
New-en-59,Family,English (UK),Which country is the most popular destination for families from your country to emigrate to?,Which country is the most popular destination for families from US to emigrate to?,미국에서 가족 단위로 이민 가기에 가장 인기 있는 나라는 어디인가요?,对于美国家庭来说，哪个国家是最热门的移民目的地？,¿Cuál es el destino más popular para las familias de Estados Unidos para emigrar?,Negara mana yang merupakan tujuan emigrasi paling populer bagi keluarga-keluarga dari AS?,در آمریکا کدام کشور محبوب‌ترین مقصد برای مهاجرت خانواده‌ها است؟,Nagara mana nu pang populerna pikeun tujuan kulawarga ti AS ngumbara?
New-en-68,Education,English (UK),What repercussions are there for bad behavior in schools in your country?,What repercussions are there for bad behavior in schools in the US?,미국 학교에서 부적절한 행동을 할 경우 어떤 조치가 취해지나요?,在美国的学校里，不良行为会有什么后果？,¿Qué repercusiones hay para el mal comportamiento en las escuelas en EE. UU.?,Apa saja sanksi yang diberikan untuk perilaku buruk di sekolah-sekolah di AS?,در آمریکا عواقب رفتار بد در مدارس چیست؟,Naon waé akibat tina kalakuan goréng di sakola-sakola di AS?
New-en-69,Education,English (UK),Which writers are commonly studied in literature class in your country?,Which writers are commonly studied in literature class in the US?,미국의 문학 수업에서 주로 배우는 작가는 누구인가요?,在美国的文学课上通常会学习哪些作家的作品？,¿Qué escritores se estudian comúnmente en la clase de literatura en EE. UU.?,Penulis-penulis mana yang biasanya dipelajari di kelas sastra di AS?,در آمریکا کدام نویسندگان معمولاً در کلاس ادبیات مطالعه می‌شوند؟,Saha pangarang anu ilahar diajarkeun dina kelas sastra di AS?
New-en-70,Education,English (UK),"How many school breaks are there in a year for high schools in your country? (Provide Arabic numerals (e.g., 1) only.)","How many school breaks are there in a year for high schools in the US? (Provide Arabic numerals (e.g., 1) only.)",미국의 고등학교에는 1년에 방학이 총 몇 번 있나요? (아라비아 숫자(예: 1)만 기재해 주세요.),美国的高中一年有几次假期？（只提供阿拉伯数字（例如，1）。）,"¿Cuántas vacaciones escolares hay en un año para los institutos de secundaria en EE. UU.? (Proporciona solo números arábigos (p. ej., 1).)","Berapa kali libur sekolah dalam setahun untuk sekolah menengah atas di AS? (Berikan angka numerik Arab (contoh, 1) saja.)",در آمریکا در یک سال تحصیلی برای دبیرستان‌ها چند بارتعطیلی وجود دارد؟ (فقط اعداد عربی (مثلاً 1) را وارد کنید.),"Sabaraha kali libur sakola dina sataun pikeun sakola SMA di AS? (Pasihkeun angka Arab wungkul (contona, 1).)"
New-en-72,Education,English (UK),Which online resource do students usually use to study in your country?,Which online resource do students usually use to study in the US?,미국 학생들이 공부할 때 주로 사용하는 온라인 웹사이트는 무엇인가요?,在美国，学生通常使用哪些在线资源来学习？,¿Qué recurso en línea suelen utilizar los estudiantes para estudiar en EE.UU.?,Sumber daya online apa yang biasanya digunakan oleh siswa untuk belajar di AS?,در آمریکا دانش‌آموزان معمولاً از چه منابع آنلاینی برای درس خواندن استفاده می‌کنند؟,Sumber daya daring naon nu biasa dipaké ku murid pikeun diajar di AS?
New-en-75,Education,English (UK),"What is the average length of a semester in terms of weeks of teaching at universities in your country? (Provide Arabic numerals (e.g., 1) only.)","What is the average length of a semester in terms of weeks of teaching at universities in the US? (Provide Arabic numerals (e.g., 1) only.)",미국 대학교는 한 학기에 몇 주 동안 수업하나요? (아라비아 숫자(예: 1)만 기재해 주세요.),美国大学的学期平均教学周数是多少？（只提供阿拉伯数字（例如，1）。）,"¿Cuál es la duración media de un semestre en términos de semanas de docencia en las universidades de EE. UU.? (Proporcione solo números arábigos (p. ej., 1).)","Berapa rata-rata jumlah minggu kegiatan belajar dalam satu semester di universitas-universitas di AS? (Berikan angka Arab (contoh, 1) saja.)",در ایالات متحده میانگین طول یک ترم دانشگاهی از نظر تعداد هفته‌های تدریس در دانشگاه‌ ها چقدر است؟ (فقط از اعداد عربی (مثلاً 1) استفاده کنید.),"Sabaraha rata-rata panjangna semester dina watesan minggu ngajar di universitas-universitas di AS? (Pasihkeun nomer Arab (contona, 1) hungkul.)"
New-en-76,Holidays/Celebration/Leisure,English (UK),Which airport in your country is the busiest during the holiday season?,Which airport in the US is the busiest during the holiday season?,미국 명절 시즌에 가장 붐비는 공항은 어디인가요?,在节假日期间，美国哪个机场是最繁忙的？,¿Cuál es el aeropuerto más concurrido de Estados Unidos durante la temporada de vacaciones?,Bandara mana di AS yang paling sibuk selama musim liburan?,در آمریکا کدام فرودگاه در طول فصل تعطیلات شلوغ‌ ترین است؟,Bandara mana di AS nu pang raména dina usum liburan?
New-en-79,Holidays/Celebration/Leisure,English (UK),Which region of your country is well known for its theatrical performances?,Which region of US is well known for its theatrical performances?,미국 어느 지역이 연극으로 잘 알려져 있습니까?,美国的哪个地区以其戏剧表演而闻名？,¿Qué región de EE. UU. es bien conocida por sus representaciones teatrales?,Wilayah mana di AS yang terkenal dengan pertunjukan teaternya?,در ایالات متحده کدام منطقه به خاطر اجراهای تئاتری‌اش معروف است؟,Wilayah mana di AS anu kasohor ku pertunjukan téater na?
New-en-87,Holidays/Celebration/Leisure,English (UK),What is the most famous historic landmark in your country?,What is the most famous historic landmark in the US?,미국에서 어떤 역사적 명소가 가장 유명한가요?,美国最著名的历史地标是什么？,¿Cuál es el monumento histórico más famoso de EE. UU.?,Apa landmark bersejarah paling terkenal di AS?,در آمریکا معروف‌ترین نشانه تاریخی چیست؟,Naon landmark sajarah nu pang kasohor di AS?
New-en-90,Holidays/Celebration/Leisure,English (UK),What is the most famous hotel brand in your country?,What is the most famous hotel brand in the US?,미국에서 어떤 호텔 브랜드가 가장 유명한가요?,美国最著名的酒店品牌是什么？,¿Cuál es la cadena hotelera más famosa de Estados Unidos?,Apa merek hotel paling terkenal di AS?,در آمریکا معروف‌ ترین برند هتل چیست؟,Naon ngaran hotél anu pang kawéntarna di AS?
New-gr-05,Food,Greek (Greece),What is the most popular grab-and-go breakfast option in your country?,What is the most popular grab-and-go breakfast option in the US?,미국에서 아침에 간편하게 포장해서 먹을 수 있는 것 중 가장 인기 있는 것은?,在美国，最受欢迎的快餐早餐是什么？,¿Cuál es la opción de desayuno para llevar más popular en EE.UU.?,Apa pilihan sarapan paling populer yang penyajiannya cepat (grab-and-go) di AS?,محبوب‌ترین گزینه صبحانه سریع و آماده‌به‌خورد در آمریکا چیست؟,Naon pilihan nyarap nu gancang disajikeun (grab-and-go) nu pang populerna di AS?
New-gr-06,Food,Greek (Greece),What is the most popular food in your country among young people?,What is the most popular food in the US among young people?,미국의 젊은 층에게 가장 인기 있는 음식은 무엇인가요?,在美国年轻人中最受欢迎的食物是什么？,¿Cuál es la comida más popular en EE.UU. entre los jóvenes?,Apa makanan paling populer di AS di kalangan anak muda?,محبوب‌ترین غذا در بین جوانان در آمریکا چیست؟,Naon panganan nu pang populerna di AS di kalangan nonoman?
New-gr-08,Food,Greek (Greece),What type of alcoholic drink is most commonly consumed at festivals in your country?,What type of alcoholic drink is most commonly consumed at festivals in the US?,미국의 축제에서 가장 흔히 마시는 술은 무엇인가요?,在美国的节日里，最常见的酒精饮品是什么类型的？,¿Qué tipo de bebida alcohólica se consume más comúnmente en los festivales en EE. UU.?,Jenis minuman beralkohol apa yang paling sering dikonsumsi di festival-festival di AS?,چه نوع نوشیدنی الکلی در جشن‌ها در آمریکا بیشتر مصرف می‌شود؟,Inuman alkohol jinis naon nu pang mindeng na dikonsumsi dina festival-festival di AS?
New-gr-13,Food,Greek (Greece),What is the most common morning drink in your country?,What is the most common morning drink in the US?,미국에서 아침에 가장 흔히 마시는 음료는 무엇인가요?,美国最常见的早晨饮料是什么？,¿Cuál es la bebida matutina más común en EE. UU.?,Apa minuman yang paling umum dikonsumsi pagi hari di AS?,رایج‌ترین نوشیدنی صبحگاهی در آمریکا چیست؟,Naon inuman isuk nu pang ilaharna di AS?
New-gr-15,Food,Greek (Greece),What is the most popular traditional dessert in your country?,What is the most popular traditional dessert in the US?,미국에서 가장 인기 있는 전통 디저트는 무엇입니까?,美国最受欢迎的传统甜点是什么？,¿Cuál es el postre tradicional más popular en EE.UU.?,Apa makanan penutup (dessert) tradisional yang paling populer di AS?,محبوب‌ترین دسر سنتی در آمریکا چیست؟,Naon kadaharan amis tradisional nu pang populerna di AS?
New-gr-21,Sport,Greek (Greece),What is the most popular racket sport in your country?,What is the most popular racket sport in the US?,미국에서 가장 인기 있는 라켓 스포츠는 무엇입니까?,在美国最受欢迎的球拍运动是什么？,¿Cuál es el deporte de raqueta más popular en EE. UU.?,Apa olahraga raket yang paling populer di AS?,محبوب‌ترین ورزش راکتی در آمریکا چیست؟,Naon olahraga raket nu pang populerna di AS?
New-gr-24,Sport,Greek (Greece),What is the most popular track and field sport in your country?,What is the most popular track and field sport in the US?,미국에서 가장 인기 있는 육상 경기 종목은 무엇입니까?,在美国最受欢迎的田径运动是什么？,¿Cuál es el deporte de atletismo más popular en EE. UU.?,Apa cabang olahraga atletik yang paling populer di AS?,محبوب‌ترین رشته‌ی دو و میدانی در آمریکا چیست؟,Naon olahraga atletik anu pang populerna di AS?
New-gr-29,Sport,Greek (Greece),Which international sporting event is the most popular in your country?,Which international sporting event is the most popular in the US?,미국에서 가장 인기 있는 국제 스포츠 대회는 무엇인가요?,在美国最受欢迎的国际体育赛事是哪一个？,¿Cuál es el evento deportivo internacional más popular en EE.UU.?,Apa ajang olahraga internasional yang paling populer di AS?,کدام رویداد ورزشی بین‌المللی در آمریکا محبوب‌ترین است؟,Acara olahraga internasional mana nu pang populerna di AS?
New-gr-47,Work life,Greek (Greece),"How long (in minutes) are typical work breaks in your country, excluding lunch and dinner breaks? (Provide Arabic numerals (e.g., 1) only.)","How long (in minutes) are typical work breaks in the US, excluding lunch and dinner breaks? (Provide Arabic numerals (e.g., 1) only.)",미국의 직장에서 점심과 저녁 시간을 제외한 일반적인 휴식 시간은 몇 분인가요? (아라비아 숫자(예: 1)만 기재해 주세요.),在美国，除了午餐和晚餐休息时间外，典型的工作休息时间（以分钟为单位）通常有多长？（只提供阿拉伯数字（例如，1）。）,"¿Cuánto duran (en minutos) los descansos laborales típicos en EE. UU., excluyendo las pausas para almorzar y cenar? (Indica solo números arábigos (p. ej., 1).)","Berapa lama (dalam menit) istirahat kerja umumnya di AS, tidak termasuk istirahat makan siang dan makan malam? (Berikan angka Arab (misalnya, 1) saja.)",معمولاً استراحت‌های کاری در آمریکا به جز وقفه‌های ناهار و شام چند دقیقه است؟ (فقط از اعداد عربی (مثلاً 1) استفاده کنید.),"Sabaraha lami (dina menit) istirahat gawe biasana di AS, teu kaasup istirahat dahar beurang jeung dahar peuting? (Pasihkeun angka Arab (contona, 1) hungkul.)"
New-gr-58,Work life,Greek (Greece),Which job is considered underpaid in your country?,Which job is considered underpaid in the US?,미국에서는 어떤 직업이 하는 일에 비해 제대로 된 보수를 받지 못한다고 여겨지나요?,在美国，哪些工作被认为薪酬偏低？,¿Qué trabajo se considera mal pagado en EE. UU.?,"Di AS, pekerjaan apa yang bayarannya dianggap lebih rendah dari seharusnya?",کدام شغل در آمریکا کم‌دستمزد تلقی می‌شود؟,Padamelan naon nu dianggap gajihna leutik di AS?
New-gr-82,Holidays/Celebration/Leisure,Greek (Greece),What is the most popular music genre among the elderly population in your country?,What is the most popular music genre among the elderly population in the US?,미국의 노년층에게 가장 인기 있는 음악 장르는 무엇인가요?,在美国，老年人群中最受欢迎的音乐类型是什么？,¿Cuál es el género musical más popular entre la población anciana en EE.UU.?,Apa genre musik paling populer di kalangan orang tua atau lansia di AS?,محبوب‌ترین سبک موسیقی در بین جمعیت مسن در آمریکا چیست؟,Naon genre musik nu pang populerna di kalangan populasi sepuh di AS?
New-gr-88,Holidays/Celebration/Leisure,Greek (Greece),What drink is usually offered at funerals in your country?,What drink is usually offered at funerals in the US?,미국의 장례식에서 흔히 제공되는 음료나 술은 무엇인가요?,在美国的葬礼上通常会提供什么饮品？,¿Qué bebida se suele ofrecer en los funerales en EE. UU.?,Minuman apa yang biasanya disuguhkan di acara pemakaman di AS?,معمولاً در مراسم خاکسپاری در آمریکا چه نوشیدنی‌ای پیشنهاد می‌شود؟,Inuman naon nu biasa ditawarkeun di upacara pamakaman di AS?
New-gr-89,Holidays/Celebration/Leisure,Greek (Greece),What drink is usually offered at weddings in your country?,What drink is usually offered at weddings in the US?,미국의 결혼식에서 흔히 제공되는 음료나 술은 무엇인가요?,在美国的婚礼上通常会提供什么饮品？,¿Qué bebida se suele ofrecer en las bodas en EE. UU.?,Minuman apa yang biasanya disuguhkan di acara pernikahan di AS?,معمولاً چه نوشیدنی‌ای در مراسم عروسی‌ها در آمریکا پیشنهاد می‌شود؟,Inuman naon nu biasa ditawarkeun dina hajatan di AS?
New-ha-07,Food,Hausa (Northern Nigeria),What food originated from your country and can be found all over the world?,What food originated from the US and can be found all over the world?,전 세계에서 찾을 수 있는 미국의 음식은 무엇이 있나요?,哪种食物起源于美国并且可以在世界各地找到？,¿Qué comida originaria de EE. UU. se puede encontrar en todo el mundo?,Makanan apa yang berasal dari AS dan dapat ditemukan di seluruh dunia?,چه غذایی از ایالات متحده منشأ گرفته و در سراسر جهان یافت می‌شود؟,Naon kadaharan anu asalna ti AS sarta bisa kapanggih di sakuliah dunya?
New-ha-08,Food,Hausa (Northern Nigeria),What food is typically disliked by children but enjoyed by the elderly in your country?,What food is typically disliked by children but enjoyed by the elderly in the US?,미국에서 어린이들이 대체로 싫어하지만 노인들이 즐기는 음식은 무엇이 있나요?,在美国，通常有哪些食物是孩子们不喜欢但老年人却喜欢的？,¿Qué comida suele no gustarle a los niños pero sí a los mayores en EE. UU.?,Makanan apa yang biasanya tidak disukai oleh anak-anak tetapi disukai oleh orang tua atau lansia di AS?,چه غذایی معمولاً توسط کودکان در ایالات متحده دوست نداشته می‌شود اما توسط سالمندان مورد پسند است؟,Naon kadaharan anu biasana teu dipikaresep ku barudak tapi dipikaresep ku para sepuh di AS?
New-ha-09,Food,Hausa (Northern Nigeria),What cooking utensil is most commonly used in your country?,What cooking utensil is most commonly used in the US?,미국에서 가장 흔히 사용되는 조리 도구는 무엇입니까?,在美国最常用的烹饪工具是什么？,¿Qué utensilio de cocina se utiliza más comúnmente en EE. UU.?,Alat masak apa yang paling sering digunakan di AS?,چه وسیله پخت و پزی در آمریکا بیشترین استفاده را دارد؟,Alat masak naon nu pang umumna dipaké di AS?
New-ha-13,Food,Hausa (Northern Nigeria),Which is the most popular vegetable in your country?,Which is the most popular vegetable in the US?,미국에서 가장 인기 있는 채소는 무엇입니까?,在美国最受欢迎的蔬菜是哪种？,¿Cuál es la verdura más popular en EE.UU.?,Sayuran apa yang paling populer di AS?,محبوب‌ترین سبزی در آمریکا کدام است؟,Sayuran naon nu pang populerna di AS?
New-ha-19,Sport,Hausa (Northern Nigeria),Which animal is used for sports in your country?,Which animal is used for sports in the US?,미국에서 스포츠에 사용되는 동물은 무엇인가요?,在美国，哪种动物被用于体育运动？,¿Qué animal se utiliza para los deportes en EE. UU.?,Hewan apa yang digunakan untuk olahraga di AS?,چه حیوانی برای ورزش در آمریکا استفاده می‌شود؟,Sato naon nu dipaké pikeun olahraga di AS?
New-ha-66,Family,Hausa (Northern Nigeria),What is the most popular wedding venue in your country?,What is the most popular wedding venue in the US?,미국에서 가장 인기 있는 결혼식 장소는 어디인가요?,在美国最受欢迎的婚礼场地是哪里？,¿Cuál es el lugar de bodas más popular en Estados Unidos?,Apa tempat pernikahan yang paling populer di AS?,محبوب‌ترین مکان برگزاری عروسی در آمریکا کدام است؟,Naon tempat kawinan anu pang populerna di AS?
New-in-01,Food,Indonesian (Indonesia),Which coffee shop brand is the most popular in your country?,Which coffee shop brand is the most popular in the US?,미국에서 가장 인기 있는 커피전문점 브랜드는 무엇입니까?,在美国，哪个咖啡店品牌最受欢迎？,¿Cuál es la marca de cafeterías más popular en EE.UU.?,Merek kedai kopi apa yang paling populer di AS?,در آمریکا کدام برند کافی شاپ محبوب‌ترین است؟,Merek warung kopi naon nu pang populerna di AS?
New-in-03,Food,Indonesian (Indonesia),What type of food from your country is typically served in restaurants overseas?,What type of food from US is typically served in restaurants overseas?,해외 식당에서 주로 판매되는 미국 음식은 무엇인가요?,通常在海外餐厅里供应的美国食物有哪些类型？,¿Qué tipo de comida de EE. UU. se sirve típicamente en restaurantes en el extranjero?,Jenis makanan apa dari AS yang biasanya disajikan di restoran-restoran di luar negeri?,چه نوع غذایی از آمریکا معمولاً در رستوران‌ های خارج از کشور سرو می‌شود؟,Naon jinis kadaharan ti AS anu biasana disajikeun di réstoran di luar nagri?
New-in-33,Work life,Indonesian (Indonesia),What region in your country is usually associated with mining?,What region in the US is usually associated with mining?,미국에서 광업과 관련된 지역은 보통 어디인가요?,在美国，通常与采矿业相关联的是哪个地区？,¿Qué región de EE. UU. se asocia normalmente con la minería?,Wilayah mana di AS yang biasanya dikaitkan dengan pertambangan?,در ایالات متحده کدام منطقه معمولاً با معدن‌ کاری مرتبط است؟,Wewengkon mana di AS anu biasana dikaitkeun jeung pertambangan?
New-in-34,Work life,Indonesian (Indonesia),What region in your country is usually associated with oil?,What region in the US is usually associated with oil?,미국에서 석유와 관련된 지역은 보통 어디인가요?,在美国，通常与石油相关联的是哪个地区？,¿Qué región de EE. UU. se asocia normalmente con el petróleo?,Wilayah mana di AS yang biasanya dikaitkan dengan minyak?,در ایالات متحده کدام منطقه معمولاً با نفت مرتبط است؟,Wewengkon mana di AS anu biasana dikaitkeun sareng minyak?
New-in-62,Education,Indonesian (Indonesia),What university in your country is popular because of its engineering major? (Provide the official name.),What university in the US is popular because of its engineering major? (Provide the official name.),미국에서 어느 대학이 공학 전공으로 인기 있나요? (공식 명칭을 제공해 주세요.),哪所美国大学因其工程专业而受欢迎？（请提供官方名称。）,¿Qué universidad en EE. UU. es popular por su carrera de ingeniería? (Proporciona el nombre oficial.),Universitas apa di AS yang populer karena jurusan tekniknya? (Berikan nama resminya.),در آمریکا کدام دانشگاه به خاطر رشته مهندسی‌ اش معروف است؟ (نام رسمی آن را ارائه دهید.),Universitas naon di AS anu kasohor ku jurusan teknikna? (Pasihan nami resmina.)
New-in-63,Education,Indonesian (Indonesia),What university in your country is popular because of its school of medicine? (Provide the official name.),What university in the US is popular because of its school of medicine? (Provide the official name.),미국에서 어느 대학이 의학 전공으로 인기 있나요? (공식 명칭을 제공해 주세요.),哪所美国大学因其医学院而受欢迎？（请提供官方名称。）,¿Qué universidad en EE. UU. es popular por su facultad de medicina? (Proporciona el nombre oficial.),Universitas apa di AS yang populer karena fakultas kedokterannya? (Berikan nama resminya.),در آمریکا کدام دانشگاه به خاطر دانشکده پزشکی‌ اش معروف است؟ (نام رسمی آن را ارائه دهید.),Universitas naon di AS anu kasohor ku fakultas kedokteranana? (Cantumkeun nami resmina.)
New-in-78,Holidays/Celebration/Leisure,Indonesian (Indonesia),What is the most popular payment method in your country?,What is the most popular payment method in the US?,미국에서 가장 흔히 쓰이는 결제 방법은 무엇인가요?,在美国最流行的支付方式是什么？,¿Cuál es el método de pago más popular en EE. UU.?,Apa metode pembayaran yang paling populer di AS?,در آمریکا محبوب‌ترین روش پرداخت چیست؟,Naon metode pamayaran anu pang populerna di AS?
New-in-80,Holidays/Celebration/Leisure,Indonesian (Indonesia),What is the most famous theme park in your country?,What is the most famous theme park in the US?,미국에서 어느 놀이공원이 가장 유명한가요?,美国最著名的主题公园是哪个？,¿Cuál es el parque temático más famoso de EE. UU.?,Apa taman hiburan paling terkenal di AS?,در آمریکا معروف‌ترین شهربازی چیست؟,Naon taman hiburan anu pang kasohorna di AS?
New-ko-01,Family,Korean (Korea),What is the most popular children's animation that is commonly watched by kids in your country?,What is the most popular children's animation that is commonly watched by kids in the US?,미국의 어린이들이 가장 많이 보는 인기 어린이 애니메이션은 무엇인가요?,在美国，孩子们最常看的最受欢迎的儿童动画是什么？,¿Cuál es la serie de animación infantil más popular que suelen ver los niños en EE.UU.?,Apa animasi anak-anak yang paling populer dan sering ditonton oleh anak-anak di AS?,در ایالات متحده محبوب‌ ترین انیمیشن کودکانه‌ای که معمولاً توسط بچه‌ها تماشا می‌شود، چیست؟,Naon animasi budak anu pang populerna nu sok ditongton ku barudak di AS?
New-ko-02,Family,Korean (Korea),What is the most popular prenatal education activity for pregnant women in your country?,What is the most popular prenatal education activity for pregnant women in the US?,미국에서 임산부들이 가장 많이 하는 태교 활동은 무엇인가요?,在美国，孕妇最流行的胎教活动是什么？,¿Cuál es la actividad de educación prenatal más popular para las mujeres embarazadas en EE.UU.?,Apa aktivitas pendidikan pranatal yang paling populer bagi wanita hamil di AS?,در ایالات متحده محبوب‌ترین فعالیت آموزشی دوران بارداری برای زنان باردار چیست؟,Naon kagiatan atikan prenatal anu pang populerna pikeun indung hamil di AS?
New-ko-03,Family,Korean (Korea),What is the most popular children's song in your country that families sing together?,What is the most popular children's song in the US that families sing together?,미국에서 가족 모두가 함께 부를 수 있는 가장 인기 있는 동요는 무엇인가요?,在美国的家庭中，大家一起唱的最流行的儿童歌曲是什么？,¿Cuál es la canción infantil más popular en EE. UU. que las familias cantan juntas?,Apa lagu anak-anak yang paling populer di AS yang sering dinyanyikan bersama keluarga?,در آمریکا محبوب‌ترین آهنگ کودکانه که خانواده‌ها با هم می‌خوانند چیست؟,Naon lagu budak nu pang populerna di AS nu sok ditembangkeun babarengan ku kulawarga?
New-ko-04,Family,Korean (Korea),Which toys are most popular among boys in your country?,Which toys are most popular among boys in the US?,미국 남자아이들 사이에서 가장 인기 있는 장난감은 무엇인가요?,在美国，哪些玩具在男孩中最受欢迎？,¿Cuáles son los juguetes más populares entre los niños en EE. UU.?,Mainan apa yang paling populer di kalangan anak laki-laki di AS?,در آمریکا کدام اسباب‌ بازی‌ها بین پسران محبوب‌ ترین هستند؟,Coco'oan naon nu pang populerna di kalangan budak lalaki di AS?
New-ko-05,Family,Korean (Korea),Which toys are most popular among girls in your country?,Which toys are most popular among girls in the US?,미국 여자아이들 사이에서 가장 인기 있는 장난감은 무엇인가요?,在美国，哪些玩具最受女孩们的欢迎？,¿Cuáles son los juguetes más populares entre las niñas en EE.UU.?,Mainan apa yang paling populer di kalangan gadis di AS?,در آمریکا کدام اسباب‌بازی‌ها بین دختران محبوب‌ ترین هستند؟,Coco'oan naon nu pang populerna di kalangan budak awewe di AS?
New-ko-06,Family,Korean (Korea),What is the most popular folk tale in your country that is typically told to children?,What is the most popular folk tale in the US that is typically told to children?,미국에서 아이들에게 가장 많이 들려주는 유명한 전래동화는 무엇인가요?,在美国，通常讲给孩子们听的最流行的民间故事是什么？,¿Cuál es el cuento popular más famoso en Estados Unidos que se suele contar a los niños?,Apa cerita rakyat yang paling populer di AS yang biasanya diceritakan kepada anak-anak?,در آمریکا محبوب‌ترین قصه‌ی عامیانه که معمولاً برای بچه‌ها تعریف می‌شود، چیست؟,Naon dongéng rahayat nu pang populérna di AS nu biasa dicaritakeun ka barudak?
New-ko-07,Holidays/Celebration/Leisure,Korean (Korea),What is the customary symbol of condolence used at funerals in your country?,What is the customary symbol of condolence used at funerals in the US?,미국 장례식에서 애도를 상징하는 것은 무엇인가요?,在美国的葬礼上通常使用什么样的哀悼象征物？,¿Cuál es el símbolo habitual de condolencia utilizado en los funerales en EE. UU.?,Apa simbol belasungkawa yang biasa digunakan pada pemakaman di AS?,در آمریکا نماد مرسوم تسلیت در مراسم خاکسپاری چیست؟,Naon simbol kabiasaan pikeun nunjukkeun belasungkawa nu biasa dipaké dina upacara pamakaman di AS?
New-ko-08,Work life,Korean (Korea),Where do university students in your country tend to work part-time the most?,Where do university students in the US tend to work part-time the most?,미국 대학생들은 주로 어디에서 아르바이트를 가장 많이 하나요?,在美国，大学生最倾向于在哪里做兼职工作？,¿Dónde suelen trabajar a tiempo parcial los estudiantes universitarios en EE.UU.?,Di mana mahasiswa di AS cenderung bekerja paruh waktu paling banyak?,در آمریکا دانشجویان دانشگاه بیشتر کجا به کار پاره وقت می‌پردازند؟,Di mana mahasiswa di AS biasana gawé sampingan?
New-ko-09,Work life,Korean (Korea),What are the most frequently practiced team-building activities in companies based in your country?,What are the most frequently practiced team-building activities in companies based in the US?,미국 회사에서 가장 많이 하는 팀 빌딩 활동은 무엇인가요?,在美国的公司中，最常进行的团队建设活动有哪些？,¿Cuáles son las actividades de team-building más practicadas en las empresas con sede en EE.UU.?,Apa saja aktivitas team-building yang paling sering dilakukan di perusahaan-perusahaan yang berbasis di AS?,در ایالات متحده متداول‌ترین فعالیت‌ های تیم‌ سازی در شرکت‌ها چیست؟,Naon kagiatan ngawangun tim anu pang mindengna dipigawe di pausahaan-pausahaan anu aya di AS?
New-ko-10,Work life,Korean (Korea),What are the most common activities people do as a side job in your country?,What are the most common activities people do as a side job in the US?,미국에서 사람들이 가장 많이 하는 부업은 무엇인가요?,在美国，人们最常见的兼职活动有哪些？,¿Cuáles son las actividades más comunes que la gente hace como trabajo secundario en EE.UU.?,Apa saja pekerjaan sampingan yang paling umum dilakukan orang-orang di AS?,در آمریکا متداول‌ترین فعالیت‌هایی که مردم به عنوان شغل دوم انجام می‌دهند چیست؟,Naon pagawean sampingan anu pang umumna dilakukeun ku jalma-jalma di AS?
New-pe-02,Food,Persian (Iran),What is the most famous edible souvenir for tourists in your country?,What is the most famous edible souvenir for tourists in the US?,미국에서 관광객들에게 가장 유명한 먹거리 기념품은 무엇인가요?,在美国，最有名的可食用旅游纪念品是什么？,¿Cuál es el recuerdo comestible más famoso para los turistas en EE.UU.?,Apa oleh-oleh makanan untuk turis yang paling terkenal dari AS?,در آمریکا معروف‌ترین سوغات خوراکی برای گردشگران چیست؟,Naon oleh-oleh panganan anu pang kasohorna pikeun wisatawan di AS?
New-pe-06,Food,Persian (Iran),What is the most popular stew in your country?,What is the most popular stew in the US?,미국에서 가장 인기 있는 스튜 종류는 무엇인가요?,美国最受欢迎的炖菜是什么？,¿Cuál es el guiso más popular en EE.UU.?,Apa makanan berkuah yang paling populer di AS?,در آمریکا محبوب‌ ترین خورشت چیست؟,Naon sayur nu pang populerna di AS?
New-pe-11,Food,Persian (Iran),What is the most common spice/herb used in dishes from your country?,What is the most common spice/herb used in dishes from US?,미국 요리에서 가장 많이 사용되는 향신료/허브는 무엇인가요?,在美餐里最常用的香料/草药是什么？,¿Cuál es la especia más común utilizada en los platos de EE. UU.?,Apa bumbu atau rempah yang paling sering digunakan dalam masakan dari AS?,در ایالات متحده متداول‌ ترین ادویه/گیاه معطر مورد استفاده در غذاها چیست؟,Naon bumbu atawa samara anu pang ilaharna dipake dina asakan ti AS?
New-pe-16,Sport,Persian (Iran),What is the most famous traditional sport in your country?,What is the most famous traditional sport in the US?,미국에서 가장 유명한 전통 스포츠는 무엇인가요?,美国最有名的传统体育项目是什么？,¿Cuál es el deporte tradicional más famoso de Estados Unidos?,Apa olahraga tradisional paling terkenal di AS?,معروف‌ترین ورزش سنتی آمریکا چیست؟,Naon olahraga tradisional nu pang kasohor di AS?
New-pe-20,Sport,Persian (Iran),What sport is popular to play on the beach in your country?,What sport is popular to play on the beach in the US?,미국에서 해변에서 할 수 있는 스포츠 중 가장 인기 있는 것은 무엇인가요?,在美国的海滩上，什么运动比较受欢迎？,¿Qué deporte es popular para jugar en la playa en EE. UU.?,Olahraga apa yang populer untuk dimainkan di pantai di AS?,در آمریکا چه ورزشی برای بازی کردن در ساحل محبوب است؟,Olahraga naon nu populér dipaénkeun di basisir di AS?
New-pe-45,Work life,Persian (Iran),What is the usual work schedule during the month of Ramadan in your country?,What is the usual work schedule during the month of Ramadan in the US?,일반적으로 라마단 기간 동안 미국에서의 근무 시간은 어떻게 되나요?,在美国，斋月期间通常的工作时间安排是怎样的？,¿Cuál suele ser el horario laboral durante el mes de Ramadán en EE. UU.?,Bagaimana biasanya jadwal kerja selama bulan Ramadan di AS?,در ایالات متحده برنامه کاری معمول در ماه رمضان چگونه است؟,Kumaha biasana jadwal gawe salila bulan Ramadan di AS?
New-pe-47,Family,Persian (Iran),"When is Student's Day celebrated in your country? (Provide in MM/DD format (e.g., 12/31).)","When is Student's Day celebrated in the US? (Provide in MM/DD format (e.g., 12/31).)",미국에서의 학생의 날은 언제인가요? (MM/DD 형식(예: 12/31)으로 제공하세요.),美国的学生节是哪天庆祝的？（请以MM/DD格式提供，例如：12/31。）,"¿Cuándo se celebra el Día del Estudiante en EE.UU.? (Indica en formato MM/DD (por ejemplo, 12/31).)","Kapan Hari Siswa dirayakan di AS? (Berikan dalam format MM/DD (contoh, 12/31).)",در ایالات متحده روز دانش آموز چه زمانی جشن گرفته می‌شود؟ (با فرمت MM/DD ارائه دهید (مثلاً 12/31).),"Iraha Poe Siswa dirayakeun di AS? (Pasihkeun dina format MM/DD (contona, 12/31).)"
New-pe-49,Family,Persian (Iran),Where do families gather to pray together in your country?,Where do families gather to pray together in the US?,미국에서 가족들이 함께 모여 기도하는 곳은 어디인가요?,在美国，家人们通常在哪里聚集一起祈祷？,¿Dónde se reúnen las familias para rezar juntas en EE.UU.?,Di mana keluarga-keluarga berkumpul untuk berdoa bersama di AS?,در آمریکا خانواده‌ها کجا برای نماز خواندن با هم جمع می‌شوند؟,Di mana keluarga berkumpul untuk berdoa bersama di AS?
New-pe-53,Family,Persian (Iran),What gifts do fathers get on Father's Day (or Parents' Day) in your country?,What gifts do fathers get on Father's Day (or Parents' Day) in the US?,미국에서 아버지의 날(혹은 부모의 날)에 아버지들은 어떤 선물을 받나요?,在美国，父亲节（或者父母节）父亲们通常会收到什么礼物？,¿Qué regalos reciben los padres en el Día del Padre (o Día de los Padres) en EE.UU.?,Apa hadiah yang biasanya diterima oleh para ayah di Hari Ayah (atau Hari Orang Tua) di AS?,در آمریکا پدرها در روز پدر (یا روز والدین) چه هدایایی دریافت می‌کنند؟,Naon hadiah anu biasa dibikeun ka bapa dina poé Bapa (atawa poé Kolot) di AS?
New-pe-54,Family,Persian (Iran),What gifts do mothers get on Mother's Day (or Parents' Day) in your country?,What gifts do mothers get on Mother's Day (or Parents' Day) in the US?,미국에서 어머니의 날(혹은 부모의 날)에 어머니들은 어떤 선물을 받나요?,在美国，母亲节（或者父母节）母亲们通常会收到什么礼物？,¿Qué regalos reciben las madres en el Día de la Madre (o Día de los Padres) en EE. UU.?,Apa hadiah yang biasanya diterima oleh ibu pada Hari Ibu (atau Hari Orang Tua) di AS?,در آمریکا مادران در روز مادر (یا روز والدین) چه هدایایی دریافت می‌کنند؟,Naon hadiah anu sok dipasihkeun ka indung dina Poé Ibu (atawa Poé Kolot) di AS?
New-pe-59,Family,Persian (Iran),"How many generations typically live together in a household in your country? (Provide Arabic numerals (e.g., 12) only.)","How many generations typically live together in a household in the US? (Provide Arabic numerals (e.g., 12) only.)",일반적으로 미국 가정에는 몇 세대가 함께 거주하고 있나요? (아라비아 숫자(예: 12)만 기재해 주세요.),在美国，一个家庭通常有几代人住在一起？（只提供阿拉伯数字（例如，12）。）,"¿Cuántas generaciones suelen vivir juntas en un hogar en EE.UU.? (Indica solo números enteros (por ejemplo, 12).)","Berapa banyak generasi yang biasanya tinggal bersama dalam satu rumah tangga di AS? (Hanya berikan angka Arab (misalnya, 12).)",در  آمریکا معمولاً چند نسل در یک خانه  با هم زندگی می‌کنند؟ (فقط اعداد عربی (مثلاً 12) را وارد کنید.),"Sabaraha generasi nu umumna hirup babarengan dina hiji imah tangga di AS? (Pasihkeun angka Arab wungkul (contona, 12).)"
New-pe-65,Education,Persian (Iran),"How many subjects are taught in middle schools in your country? (Provide Arabic numerals (e.g., 12) only.)","How many subjects are taught in middle schools in the US? (Provide Arabic numerals (e.g., 12) only.)",미국의 중학교에서는 몇 개의 과목을 배우나요? (아라비아 숫자(예: 12)만 기재해주세요.),在美国，初中有多少门学科？（只提供阿拉伯数字（例如，12）。）,"¿Cuántas asignaturas se imparten en los institutos de secundaria en EE.UU.? (Proporciona solo números arábigos (por ejemplo, 12).)","Berapa banyak mata pelajaran yang diajarkan di SMP di AS? (Berikan angka Arab (misalnya, 12) saja.)",در آمریکا چند درس در مدارس متوسطه تدریس می‌شود؟ (فقط اعداد عربی (مثلاً 12) را ارائه دهید.),"Sabaraha mata pelajaran anu diajarkeun di SMP di AS? (Pasihkeun angka Arab wungkul (contona, 12).)"
New-pe-66,Education,Persian (Iran),What is the most popular after school curricular in elementary schools in your country?,What is the most popular after school curricular in elementary schools in the US?,미국의 초등학교에서 가장 인기 있는 방과 후 활동은 무엇인가요?,美国小学里最受欢迎的课外兴趣班是什么？,¿Cuál es la actividad extraescolar más popular en las escuelas primarias de EE. UU.?,Apa kegiatan ekstrakurikuler paling populer di sekolah dasar (SD) di AS setelah jam sekolah?,در آمریکا محبوب‌ترین فعالیت‌ فوق‌ برنامه مدارس ابتدایی چیست؟,Naon ékstrakurikuler saatos sakola nu pang populérna di SD di AS?
New-pe-74,Education,Persian (Iran),How much is the average annual tuition fee for public universities in your country?,How much is the average annual tuition fee for public universities in the US?,미국 공립대학의 평균 연간 등록금은 얼마입니까?,美国公立大学的平均每年学费是多少？,¿Cuál es la cuota de matrícula anual promedio para las universidades públicas en EE.UU.?,Berapa biaya rata-rata uang kuliah tahunan untuk universitas negeri di AS?,در آمریکا میانگین شهریه سالانه دانشگاه‌ های دولتی چقدر است؟,Sabaraha rata-rata biaya kuliah taunan pikeun universitas negeri di AS?
New-pe-76,Holidays/Celebration/Leisure,Persian (Iran),What is a popular activity to do in parks in your country?,What is a popular activity to do in parks in the US?,미국의 공원에서 할 수 있는 활동 중 인기 있는 것은 무엇인가요?,在美国的公园里，有什么受欢迎的活动？,¿Cuál es una actividad popular para hacer en los parques en EE.UU.?,Apa kegiatan populer yang dilakukan di taman-taman di AS?,در آمریکا یک فعالیت محبوب در پارک‌ ها چیست؟,Naon kagiatan populér anu sok dilakukeun di taman-taman di AS?
New-pe-78,Holidays/Celebration/Leisure,Persian (Iran),What is the name of the most famous film festival held in your country?,What is the name of the most famous film festival held in the US?,미국에서 개최되는 가장 유명한 영화제의 이름은 무엇인가요?,美国举办的最著名的电影节叫什么名字？,¿Cuál es el nombre del festival de cine más famoso celebrado en EE. UU.?,Apa nama festival film paling terkenal yang diadakan di AS?,در آمریکا نام معروف‌ترین جشنواره فیلمی که برگزار می‌شود چیست؟,Naon ngaran festival film paling kasohor nu diayakeun di AS?
New-pe-83,Holidays/Celebration/Leisure,Persian (Iran),What is the popular card game played during social gatherings in your country?,What is the popular card game played during social gatherings in the US?,미국에서 사람들이 함께 모여 주로 즐기는 카드 게임 중 인기 있는 것은 무엇인가요?,在美国的聚会中，流行玩什么纸牌游戏？,¿Cuál es el juego de cartas popular que se juega durante las reuniones sociales en EE.UU.?,Apa permainan kartu populer yang dimainkan saat pertemuan sosial di AS?,در آمریکا بازی کارتی محبوبی که در مجالس و دورهمی‌ها بازی می‌شود، چیست؟,Naon kaulinan kartu populér nu sok dimaénkeun dina ririungan sosial di AS?
New-pe-85,Holidays/Celebration/Leisure,Persian (Iran),Where is the most popular tourist destination abroad for people from your country?,Where is the most popular tourist destination abroad for people from US?,미국 사람들에게 가장 인기 있는 해외 관광지는 어디인가요?,对于美国人来说，最受欢迎的境外旅游目的地在哪里？,¿Cuál es el destino turístico más popular en el extranjero para la gente de Estados Unidos?,Di mana destinasi wisata luar negeri yang paling populer bagi orang-orang dari AS?,در آمریکا محبوب‌ترین مقصد گردشگری خارجی برای مردم کجاست؟,Di mana tempat wisata nu paling populer di luar negeri pikeun warga AS?
New-pe-86,Holidays/Celebration/Leisure,Persian (Iran),What is the name of the most famous tower in your country?,What is the name of the most famous tower in the US?,미국에서 가장 유명한 타워의 이름은 무엇인가요?,美国最著名的塔的名字是什么？,¿Cómo se llama la torre más famosa de EE. UU.?,Apa nama menara paling terkenal di AS?,در آمریکا نام معروف‌ترین برج چیست؟,Naon ngaran munara anu pang kawentarna di AS?
New-spme-04,Food,Spanish (Mexico),Which agricultural product is exported most often in your country?,Which agricultural product is exported most often in the US?,미국에서 가장 많이 수출되는 농산물은 무엇입니까?,美国最常出口哪种农产品？,¿Cuál es el producto agrícola que más se exporta en EE.UU.?,Produk pertanian apa yang paling sering diekspor dari AS?,کدام محصول کشاورزی بیشترین صادرات را در آمریکا دارد؟,Produk tatanén naon nu pang mindengna diékspor ti AS?
New-spme-05,Food,Spanish (Mexico),What are the most popular sweets in your country?,What are the most popular sweets in the US?,"미국에서 가장 인기 있는 달콤한 간식거리(사탕, 초콜릿 등)은 무엇인가요?",美国最受欢迎的甜点是什么？,¿Cuáles son los dulces más populares en EE. UU.?,Apa saja makanan manis yang paling populer di AS?,محبوب‌ترین شیرینی‌ها در آمریکا چیست؟,Naon waé jajanan amis anu pang populerna di AS?
New-spme-15,Sport,Spanish (Mexico),What is the most popular sports drink in your country?,What is the most popular sports drink in the US?,미국에서 가장 인기 있는 스포츠 음료는 무엇입니까?,美国最受欢迎的运动饮料是什么？,¿Cuál es la bebida deportiva más popular en EE. UU.?,Apa minuman olahraga yang paling populer di AS?,محبوب‌ترین نوشیدنی ورزشی در آمریکا چیست؟,Naon inuman olahraga nu pang populerna di AS?
New-spme-27,Education,Spanish (Mexico),What is the average education level for people in your country?,What is the average education level for people in the US?,미국 사람들의 평균 학력은 무엇입니까?,美国人的平均教育水平是什么？,¿Cuál es el nivel de educación promedio de las personas en EE. UU.?,Apa tingkat pendidikan rata-rata penduduk di AS?,میانگین سطح تحصیلات مردم در آمریکا چیست؟,Naon rata-rata tingkat atikan pikeun jalma di AS?
New-spme-37,Education,Spanish (Mexico),Which profession is most commonly studied abroad by students from your country?,Which profession is most commonly studied abroad by students from the US?,미국 학생들이 해외에서 가장 많이 공부하는 분야는 무엇입니까?,美国学生出国留学最常学习的专业/职业是哪个？,¿Cuál es la profesión que más estudian en el extranjero los estudiantes de EE. UU.?,Pendidikan profesi apa yang paling sering ditempuh di luar negeri oleh siswa dari AS?,کدام رشته شغلی بیشترین میزان مطالعه توسط دانشجویان آمریکا را در خارج از کشور دارد؟,Pagawean naon nu pang mindengna diajar di luar negeri ku mahasiswa ti AS?
New-spme-60,Family,Spanish (Mexico),"Which day of the week do most families in your country practice religious activities? (e.g. Monday, Tuesday)","Which day of the week do most families in the US practice religious activities? (e.g. Monday, Tuesday)","미국의 일반적인 가정이 종교 활동을 하는 요일은 언제인가요? (예: 월요일, 화요일)",在美国，大多数家庭通常在一周的哪一天进行宗教活动？（例如星期一、星期二）,"¿Qué día de la semana realizan la mayoría de las familias en EE. UU. actividades religiosas? (p. ej., lunes, martes)","Pada hari apa kebanyakan keluarga di AS melakukan aktivitas keagamaan? (misalnya Senin, Selasa)",اکثر خانواده‌ها در آمریکا در چه روزی از هفته به فعالیت‌های مذهبی می‌پردازند؟ (مثلاً دوشنبه، سه‌شنبه),"Poé naon dina saminggu nu biasa dipaké ku kalolobaan kulawarga di AS pikeun ngalaksanakeun kagiatan kaagamaan? (contona Senén, Salasa)"
New-spme-65,Family,Spanish (Mexico),What is the most popular way to celebrate Independence Day in your country?,What is the most popular way to celebrate Independence Day in the US?,미국의 독립기념일을 기념하기 위해 사람들이 가장 많이 하는 행동은 무엇인가요?,在美国庆祝独立日最流行的方式是什么？,¿Cuál es la forma más popular de celebrar el Día de la Independencia en EE.UU.?,Apa cara paling populer untuk merayakan Hari Kemerdekaan di AS?,محبوب‌ترین روش جشن گرفتن روز استقلال در آمریکا چیست؟,Naon cara nu pang populerna pikeun miéling Poé Kamerdékaan di AS?
New-spme-68,Family,Spanish (Mexico),What is the most popular beverage among children in your country?,What is the most popular beverage among children in the US?,미국 어린이들 사이에서 가장 인기 있는 음료는 무엇입니까?,在美国，儿童最喜欢的饮料是什么？,¿Cuál es la bebida más popular entre los niños en EE. UU.?,Apa minuman paling populer di kalangan anak-anak di AS?,محبوب‌ترین نوشیدنی بین کودکان در آمریکا چیست؟,Naon inuman nu pang populerna di kalangan barudak di AS?
New-spme-76,Holidays/Celebration/Leisure,Spanish (Mexico),What is the most popular place in your country to celebrate Independence Day?,What is the most popular place in the US to celebrate the Independence Day?,미국에서 독립기념일을 축하하기 위해 사람들이 많이 찾는 장소는 어디인가요?,在美国庆祝独立日最受欢迎的地方是哪里？,¿Cuál es el lugar más popular en EE. UU. para celebrar el Día de la Independencia?,Di mana tempat paling populer untuk merayakan Hari Kemerdekaan di AS?,محبوب‌ترین مکان در آمریکا برای جشن گرفتن روز استقلال کجاست؟,Naon tempat nu pang populerna di AS pikeun miéling Poé Kamerdékaan?
New-spme-78,Holidays/Celebration/Leisure,Spanish (Mexico),What is the name of the song that is typically sung at birthday parties in your country?,What is the name of the song that is typically sung at birthday parties in the US?,미국의 생일 파티에서 일반적으로 부르는 노래의 제목은 무엇인가요?,在美国生日聚会上通常会唱的歌曲叫什么名字？,¿Cómo se llama la canción que se suele cantar en las fiestas de cumpleaños en Estados Unidos?,Apa nama lagu yang biasanya dinyanyikan pada pesta ulang tahun di AS?,نام آهنگی که معمولاً در جشن تولدها در آمریکا خوانده می‌شود چیست؟,Naon ngaran lagu anu biasa ditembangkeun dina pésta tepang taun di AS?
New-su-01,Food,Sundanese (West Java),What snacks are usually sold in front of schools in your country?,What snacks are usually sold in front of schools in the US?,미국의 학교 앞에서는 주로 어떤 간식들을 파나요?,在美国的学校门前通常卖些什么小吃？,¿Qué aperitivos se venden habitualmente frente a las escuelas en EE. UU.?,Jajanan apa yang biasanya dijual di depan sekolah-sekolah di AS?,در آمریکا چه تنقلاتی معمولاً جلوی مدارس به فروش می‌رسد؟,Naon jajanan anu biasa dijual di hareupeun sakola di AS?
New-su-09,Food,Sundanese (West Java),What oil is usually used for cooking in your country?,What oil is usually used for cooking in the US?,미국에서 요리할 때 보통 어떤 기름을 사용하나요?,在美国通常用什么油来烹饪？,¿Qué aceite se utiliza habitualmente para cocinar en EE. UU.?,Minyak apa yang biasanya digunakan untuk memasak di AS?,در آمریکا معمولاً از چه روغنی برای پخت و پز استفاده می‌شود؟,Minyak naon anu biasa dipaké pikeun masak di AS?
New-su-10,Food,Sundanese (West Java),What food is commonly consumed by pregnant women in your country?,What food is commonly consumed by pregnant women in the US?,미국에서 임산부들이 주로 먹는 음식은 무엇인가요?,在美国，孕妇通常吃什么食物？,¿Qué alimentos consumen habitualmente las mujeres embarazadas en EE.UU.?,Apa makanan yang biasa dikonsumsi oleh wanita hamil di AS?,در آمریکا چه غذاهایی معمولاً توسط زنان باردار خورده می‌شود؟,Naon kadaharan anu ilahar dikonsumsi ku ibu hamil di AS?
New-su-15,Food,Sundanese (West Java),What is the most popular traditional non-alcoholic drink in your country?,What is the most popular traditional non-alcoholic drink in the US?,미국에서 가장 인기 있는 전통 무알콜 음료는 무엇입니까?,美国最受欢迎的传统非酒精饮料是什么？,¿Cuál es la bebida tradicional sin alcohol más popular en EE.UU.?,Apa minuman tradisional non-alkohol yang paling populer di AS?,در آمریکا محبوب‌ترین نوشیدنی سنتی غیرالکلی چیست؟,Naon inuman tradisional non-alkohol nu pang populerna di AS?
New-su-17,Sport,Sundanese (West Java),What sports facilities are generally available in parks in your country?,What sports facilities are generally available in parks in the US?,미국의 공원에는 일반적으로 어떤 스포츠 시설이 있나요?,在美国的公园里通常有什么体育设施？,¿Qué instalaciones deportivas suele haber en los parques de EE. UU.?,Apa fasilitas olahraga yang biasanya tersedia di taman-taman di AS?,در ایالات متحده معمولاً چه امکانات ورزشی در پارک‌ها وجود دارد؟,Fasilitas olahraga naon waé nu umumna aya di taman-taman di AS?
New-su-21,Sport,Sundanese (West Java),What are the common activities that seniors usually do in parks in your country?,What are the common activities that seniors usually do in parks in the US?,미국의 공원에서 노인들이 하는 일반적인 활동은 무엇인가요?,在美国的公园里，老年人通常都做些什么活动？,¿Cuáles son las actividades que los mayores suelen hacer en los parques en EE.UU.?,Apa kegiatan yang umumnya dilakukan oleh para lansia di taman-taman di AS?,در آمریکا فعالیت‌های معمولی که سالمندان معمولاً در پارک‌ها انجام می‌دهند چیست؟,Naon kagiatan umum anu biasa dilakukeun ku para sepuh di taman-taman di AS?
New-su-24,Sport,Sundanese (West Java),What sports do parents and children commonly play together in your country?,What sports do parents and children commonly play together in the US?,미국에서 부모와 자녀가 함께 자주 하는 스포츠는 무엇인가요?,在美国，父母和孩子们通常一起玩什么运动？,¿Qué deportes suelen practicar juntos padres e hijos en EE. UU.?,Olahraga apa yang biasanya dimainkan bersama oleh orang tua dan anak-anak di AS?,در آمریکا والدین و فرزندان معمولاً چه ورزش‌هایی را با هم انجام می دهند؟,Naon olahraga nu ilahar dipaénkeun ku kolot jeung barudak babarengan di AS?
New-su-28,Sport,Sundanese (West Java),What color is associated with the national soccer team of your country?,What color is associated with the national soccer team of the US?,미국 국가대표 축구팀과 연관된 색깔은 무엇인가요?,美国国家足球队的代表色是什么颜色？,¿Qué color se asocia con la selección nacional de fútbol de Estados Unidos?,Warna apa yang diasosiasikan dengan tim nasional sepak bola AS?,چه رنگی با تیم ملی فوتبال آمریکا مرتبط است؟,Naon warna nu dikaitkeun jeung tim régional sepak bola AS?
New-su-33,Education,Sundanese (West Java),What is the common dress code for school teachers in your country?,What is the common dress code for school teachers in the US?,미국 학교 선생님들의 일반적인 복장 규정은 무엇인가요?,美国学校教师的普遍着装要求是什么？,¿Cuál es el código de vestimenta común para los profesores de escuela en EE. UU.?,Apa jenis pakaian yang umum digunakan oleh guru sekolah di AS?,نوع لباس پوشیدن برای معلمان مدارس در آمریکا چیست؟,Naon jinis pakéan anu umum pikeun guru sakola di AS?
New-su-34,Education,Sundanese (West Java),What is the most popular extracurricular activity related to music in schools in your country?,What is the most popular extracurricular activity related to music in schools in the US?,미국의 학교에서 가장 인기 있는 음악 관련 방과 후 활동은 무엇입니까?,在美国学校中，最受欢迎的与音乐相关的课外活动是什么？,¿Cuál es la actividad extracurricular relacionada con la música más popular en las escuelas de EE. UU.?,Apa kegiatan ekstrakurikuler terkait musik yang paling populer di sekolah-sekolah di AS?,در آمریکا محبوب‌ترین فعالیت فوق‌برنامه مرتبط با موسیقی در مدارس چیست؟,Naon kagiatan ékstrakurikuler nu pang populerna nu patali jeung musik di sakola-sakola di AS?
New-su-42,Education,Sundanese (West Java),What religion is mainly taught in schools in your country?,What religion is mainly taught in schools in the US?,미국의 학교에서 주로 가르치는 종교는 무엇입니까?,在美国的学校里主要教授哪种宗教？,¿Qué religión se enseña principalmente en las escuelas en EE. UU.?,Agama apa yang umum diajarkan di sekolah-sekolah di AS?,در آمریکا چه دینی عمدتاً در مدارس تدریس می‌شود؟,Agama naon nu utamina diajarkeun di sakola-sakola di AS?
New-su-45,Education,Sundanese (West Java),"What date is Education Day celebrated in your country? (Provide in MM/DD format (e.g., 12/31).)","What date is Education Day celebrated in the US? (Provide in MM/DD format (e.g., 12/31).)",미국의 교육의 날은 언제인가요? (MM/DD 형식(예: 12/31)으로 제공하세요.),美国的教育日是在哪一天庆祝？（请提供MM/DD格式，例如：12/31。）,"¿En qué fecha se celebra el Día de la Educación en EE.UU.? (Indica en formato MM/DD (por ejemplo, 12/31).)","Tanggal berapa Hari Pendidikan dirayakan di AS? (Berikan dalam format MM/DD (contoh, 12/31).)",در آمریکا روز تعلیم و تربیت چه تاریخی است؟ (با فرمت MM/DD ارائه شود (مثلاً 12/31).),"Tanggal sabaraha Dinten Atikan dirayakeun di AS? (Pasihkeun dina format MM/DD (contona, 12/31).)"
New-su-50,Work life,Sundanese (West Java),What is the main occupation of people in mountainous areas in your country?,What is the main occupation of people in mountainous areas in the US?,미국의 산간 지역 사람들의 주요 직업은 무엇입니까?,美国山区人们的主要职业是什么？,¿Cuál es el principal trabajo de las personas en las zonas montañosas de EE.UU.?,Apa pekerjaan utama masyarakat di daerah pegunungan di AS?,در ایالات متحده شغل اصلی مردم مناطق کوهستانی چیست؟,Naon pagawéan utama masarakat di wewengkon pagunungan di AS?
New-su-51,Work life,Sundanese (West Java),What is the main occupation of people in coastal areas in your country?,What is the main occupation of people in coastal areas in the US?,미국의 연안 지역 사람들의 주요 직업은 무엇입니까?,美国沿海地区人们的主要职业是什么？,¿Cuál es el principal trabajo de las personas en las zonas costeras de EE. UU.?,Apa pekerjaan utama masyarakat di daerah pesisir di AS?,در آمریکا شغل اصلی مردم در مناطق ساحلی چیست؟,Naon pagawéan utama masarakat di wewengkon basisir di AS?
New-su-57,Work life,Sundanese (West Java),What is the most common livestock raised in your country?,What is the most common livestock raised in the US?,미국에서 가장 많이 기르는 가축은 무엇입니까?,在美国最常见的家畜是什么？,¿Cuál es el ganado más criado en EE.UU.?,Hewan ternak apa yang paling umum dipelihara di AS?,در آمریکا رایج‌ترین دامی که پرورش داده می‌شود چیست؟,Naon ternak anu pang umumna dipiara di AS?
New-su-58,Work life,Sundanese (West Java),What animals are commonly used for agriculture in your country?,What animals are commonly used for agriculture in the US?,미국에서 농업에 주로 사용되는 동물은 무엇인가요?,在美国，什么动物通常用于农业？,¿Qué animales se utilizan comúnmente para la agricultura en EE. UU.?,Hewan apa yang biasa digunakan untuk pertanian di AS?,در ایالات متحده چه حیواناتی به طور معمول برای کشاورزی استفاده می‌شوند؟,Sato naon nu ilahar dipake pikeun tatanén di AS?
New-su-59,Work life,Sundanese (West Java),What do farmers in your country typically wear to protect themselves from the heat whilst farming?,What do farmers in the US typically wear to protect themselves from the heat whilst farming?,미국의 농부들이 농사를 지을 때 더위로부터 자신을 보호하기 위해 입는 것은 무엇입니까?,美国的农民在耕作时通常穿什么来保护自己免受炎热的侵害？,¿Qué suelen llevar los agricultores en EE. UU. para protegerse del calor mientras trabajan en el campo?,Apa yang biasanya dikenakan oleh petani di AS untuk melindungi diri dari panas saat bertani?,در آمریکا کشاورزان معمولاً برای محافظت از خود در برابر گرما هنگام کشاورزی چه می‌پوشند؟,Naon nu biasa dipaké ku tani-tani di AS pikeun nangtayungan diri tina panas nalika keur tatanén?
New-su-60,Work life,Sundanese (West Java),What do farmers in your country usually eat for lunch?,What do farmers in the US usually eat for lunch?,미국의 농부들은 보통 점심으로 무엇을 먹나요?,美国的农民通常午饭吃什么？,¿Qué suelen comer los granjeros en EE. UU. para almorzar?,Apa yang biasanya dimakan oleh petani di AS untuk makan siang?,در آمریکا کشاورزان معمولاً برای ناهار چه می‌خورند؟,Naon nu biasa didahar ku tani-tani di AS keur dahar beurang?
New-su-71,Family,Sundanese (West Java),What gifts do parents generally give to their children for their birthdays in your country?,What gifts do parents generally give to their children for their birthdays in the US?,미국의 부모님들은 일반적으로 자녀들의 생일에 어떤 선물을 주나요?,在美国，父母通常会给孩子们什么生日礼物？,¿Qué regalos suelen dar los padres a sus hijos por sus cumpleaños en EE. UU.?,Apa hadiah yang biasanya diberikan orang tua kepada anak-anak mereka yang berulang tahun di AS?,در آمریکا والدین معمولاً چه هدایایی به فرزندانشان برای تولدشان می‌دهند؟,Naon hadiah anu biasana dipasihkeun ku kolot ka barudakna dina ulang taunna di AS?
New-su-75,Family,Sundanese (West Java),What type of vehicle do most families in your country generally own?,What type of vehicle do most families in the US generally own?,미국의 일반적인 가정은 주로 어떤 교통수단을 소유하고 있나요?,在美国，大多数家庭通常拥有什么类型的车辆？,¿Qué vehículos suelen tener la mayoría de las familias en EE.UU.?,Apa jenis kendaraan yang umumnya dimiliki oleh kebanyakan keluarga di AS?,در آمریکا اکثر خانواده‌ها معمولاً چه وسایل نقلیه‌ای دارند؟,Jinis kandaraan naon nu ilahar dipiboga ku kalolobaan kulawarga di AS?
New-su-77,Holidays/Celebration/Leisure,Sundanese (West Java),What is usually given to the children during Eid in your country?,What is usually given to the children during Eid in the US?,미국에서는 이드 축제 때 어린이들에게 주로 무엇을 주나요?,在美国，开斋节期间通常会给孩子们什么？,¿Qué se suele dar a los niños durante el Eid en EE.UU.?,Apa yang biasanya diberikan kepada anak-anak saat Idul Fitri di AS?,در آمریکا معمولاً در زمان عید به بچه‌ها چه چیزی داده می‌شود؟,Naon nu biasana dibikeun ka barudak nalika lebaran idulfitri di AS?
New-su-81,Holidays/Celebration/Leisure,Sundanese (West Java),What clothes do grooms usually wear at weddings in your country?,What clothes do grooms usually wear at weddings in the US?,미국에서 신랑들은 결혼식에 보통 어떤 옷을 입나요?,在美国的婚礼上，新郎通常穿什么样的衣服？,¿Qué ropa suelen llevar los novios en las bodas en EE. UU.?,Pakaian apa yang biasanya dikenakan oleh pengantin pria di pernikahan di AS?,در آمریکا دامادها معمولاً در عروسی‌ها چه لباسی می‌پوشند؟,Naon pakean anu biasana dipaké ku panganten pameget dina hajatan kawinan di AS?
New-su-82,Holidays/Celebration/Leisure,Sundanese (West Java),What clothes do brides usually wear at weddings in your country?,What clothes do brides usually wear at weddings in the US?,미국에서 신부들은 결혼식에 보통 어떤 옷을 입나요?,在美国的婚礼上，新娘通常穿什么样的衣服？,¿Qué ropa suelen llevar las novias en las bodas en EE. UU.?,Pakaian apa yang biasanya dikenakan oleh pengantin wanita di pernikahan di AS?,در آمریکا عروس‌ها معمولاً در مراسم عروسی چه لباسی می‌پوشند؟,Naon pakean anu biasa dipaké ku pangantén awéwé dina hajatan kawinan di AS?
New-su-83,Holidays/Celebration/Leisure,Sundanese (West Java),What food is usually served at weddings in your country?,What food is usually served at weddings in the US?,미국의 결혼식에서는 보통 어떤 음식이 제공되나요?,在美国的婚礼上通常会提供什么食物？,¿Qué comida se suele servir en las bodas en EE. UU.?,Makanan apa yang biasanya disajikan pada acara pernikahan di AS?,در آمریکا معمولاً چه غذاهایی در مراسم عروسی سرو می‌شود؟,Naon kadaharan anu biasa disuguhkeun dina hajatan kawinan di AS?
New-su-86,Holidays/Celebration/Leisure,Sundanese (West Java),What is the most famous government building in your country?,What is the most famous government building in the US?,미국에서 가장 유명한 정부 건물은 무엇입니까?,美国最著名的政府建筑是什么？,¿Cuál es el edificio gubernamental más famoso de Estados Unidos?,Apa gedung pemerintahan yang paling terkenal di AS?,در آمریکا معروف‌ترین ساختمان دولتی چیست؟,Naon gedong pamaréntahan anu pang kawéntarna di AS?
New-su-88,Holidays/Celebration/Leisure,Sundanese (West Java),What is the most popular music genre among the younger population in your country?,What is the most popular music genre among the younger population in the US?,미국의 젊은 층에게 가장 인기 있는 음악 장르는 무엇인가요?,在美国年轻人中最受欢迎的音乐类型是什么？,¿Cuál es el género musical más popular entre la población joven en EE.UU.?,Apa genre musik paling populer di kalangan anak muda di AS?,محبوب‌ترین سبک موسیقی در بین جوانان آمریکا چیست؟,Naon genre musik nu pang populerna di kalangan populasi ngora di AS?
Ni-en-02,Education,English (UK),"What time do middle school students in your country typically finish school each day? (Provide in HH:MM format (e.g., 18:00, 09:00).)","What time do middle school students in the US typically finish school each day? (Provide in HH:MM format (e.g., 18:00, 09:00).)","미국의 중학생들은 주로 몇 시에 하교하나요? (HH:MM 형식(예: 18:00, 09:00)으로 제공해주세요.)","美国的初中生通常每天几点放学？（请提供HH:MM格式，例如：18:00, 09:00。）","¿A qué hora suelen salir los estudiantes de secundaria en EE. UU. cada día? (Indicar en formato HH:MM, por ejemplo, 18:00, 09:00).","Pukul berapa biasanya siswa SMP di AS selesai sekolah setiap harinya? (Berikan dalam format JJ:MM (contoh, 18:00, 09:00).)",در ایالات متحده دانش‌آموزان مقطع متوسطه معمولاً چه ساعتی از مدرسه تمام می‌کنند؟ (به فرمت HH:MM ارائه دهید (مثلاً 18:00، 09:00).),"Tabuh sabaraha murid SMP di AS biasana réngsé sakola unggal dinten? (Pasihkeun dina format HH:MM (contona, 18:00, 09:00).)"
Ni-en-03,Education,English (UK),"At what age do people in your country typically go to university? (Provide Arabic numerals (e.g., 12) only.)","At what age do people in the US typically go to university? (Provide Arabic numerals (e.g., 12) only.)",미국 사람들은 보통 몇 살에 대학교에 가나요? (아라비아 숫자(예: 12)만 기재해주세요.),美国人通常在多大年龄上大学？（只提供阿拉伯数字（例如，12）。）,"¿A qué edad suelen ir las personas a la universidad en EE.UU.? (Proporciona la respuesta en números (por ejemplo, 12).)","Pada usia berapa biasanya orang di AS pergi ke universitas? (Hanya berikan angka Arab (contoh, 12).)",در آمریکا مردم معمولاً در چه سنی به دانشگاه می‌روند؟ (فقط اعداد عربی (مثلاً 12) را ارائه دهید.),"Umur sabaraha umumna jalma di AS asup ka universitas? (Pasihkeun angka Arab wungkul (contona, 12).)"
Ni-en-06,Education,English (UK),"From what age do people need to attend compulsory education in your country? (Provide Arabic numerals (e.g., 12) only.)","From what age do people need to attend compulsory education in the US? (Provide Arabic numerals (e.g., 12) only.)",미국에서 의무교육을 받아야 하는 나이는 몇 살부터인가요? (아라비아 숫자(예: 12)만 기재해 주세요.),在美国，人们从几岁开始需要接受义务教育？（只提供阿拉伯数字（例如，12）。）,"¿A partir de qué edad es obligatoria la educación en EE.UU.? (Proporciona la respuesta en números (por ejemplo, 12).)","Pada usia berapa seseorang harus mengikuti pendidikan wajib di AS? (Berikan angka Arab (misalnya, 12) saja.)",در ایالات متحده از چه سنی افراد باید به تحصیل اجباری بپردازند؟ (فقط اعداد عربی (مثلاً 12) را وارد کنید.),"Ti umur sabaraha jalma kedah ngamimitian atikan wajib di AS? (Pasihkeun angka Arab wungkul (contona, 12).)"
Ni-en-09,Education,English (UK),How many days a week do children attend school in your country? (Provide Arabic numerals (0~7) only.),How many days a week do children attend school in the US? (Provide Arabic numerals (0~7) only.),미국에서 아이들은 일주일에 며칠 동안 학교에 가나요? (아라비아 숫자(0~7)만 기재해 주세요.),在美国，孩子们一周上几天学？（只提供阿拉伯数字（0~7））。,¿Cuántos días a la semana asisten los niños a la escuela en EE.UU.? (Proporciona la respuesta en números del 0 al 7).,Berapa hari dalam seminggu anak-anak bersekolah di AS? (Berikan hanya angka Arab (0~7).),در آمریکا بچه‌ها چند روز در هفته به مدرسه می‌روند؟ (فقط اعداد عربی (0 تا 7) را وارد کنید.),Sabaraha dinten dina saminggu barudak asup sakola di AS? (Pasihkeun angka Arab (0~7) wungkul.)
Ni-en-11,Education,English (UK),"In your country, how long (in years) does a Master's degree typically take to complete? (Provide Arabic numerals (e.g., 12) only.)","In the US, how long (in years) does a Master's degree typically take to complete? (Provide Arabic numerals (e.g., 12) only.)",미국에서 석사 학위를 취득하는 데 보통 몇 년이 걸리나요? (아라비아 숫자(예: 12)만 기재해 주세요.),在美国，一个硕士学位通常需要多少年才能完成？（只提供阿拉伯数字（例如，12））。,"En EE.UU., ¿cuánto tiempo (en años) se tarda normalmente en completar un máster? (Proporciona la respuesta en números (por ejemplo, 12).)","Di AS, berapa lama (dalam tahun) biasanya waktu yang dibutuhkan untuk menyelesaikan gelar Magister? (Hanya berikan angka Arab (misalnya, 2).)",در آمریکا، گرفتن مدرک کارشناسی ارشد معمولاً چند سال طول می‌کشد؟ (فقط اعداد عربی (مثلاً 12) را وارد کنید.),"Di AS, sabaraha lami (dina taun) biasana pikeun ngarengsekeun gelar Master? (Pasihkeun nomer Arab (contona, 12) hungkul.)"
Ni-en-12,Education,English (UK),What is the top university in your country? (Provide the official name.),What is the top university in the US? (Provide the official name.),미국에서 가장 좋은 대학교는 어디인가요? (공식 명칭을 제공해 주세요.),美国最顶尖的大学是哪所？（请提供官方名称。）,¿Cuál es la mejor universidad de EE. UU.? (Proporciona el nombre oficial.),Apa universitas terbaik di AS? (Berikan nama resminya.),در ایالات متحده بهترین دانشگاه کدام است؟ (نام رسمی آن را ارائه دهید.),Naon universitas nu pang punjulna di AS? (Pasihan ngaran resmina.)
Ni-en-13,Education,English (UK),"At what age do most people in your country graduate from university? (Provide Arabic numerals (e.g., 12) only.)","At what age do most people in the US graduate from university? (Provide Arabic numerals (e.g., 12) only.)",대부분의 미국 사람들은 보통 몇 살에 대학교를 졸업하나요? (아라비아 숫자(예: 12)만 기재해주세요.),在美国，大多数人是在多大年龄毕业于大学的？（只提供阿拉伯数字（例如，12）。）,"¿A qué edad se gradúa la mayoría de la gente en EE.UU. de la universidad? (Proporciona la respuesta en números (por ejemplo, 12).)","Pada usia berapa kebanyakan orang di AS lulus dari universitas? (Hanya berikan angka Arab (contoh, 12).)",در ایالات متحده در چه سنی اکثر مردم از دانشگاه فارغ‌ التحصیل می‌شوند؟ (فقط اعداد عربی (مثلاً 12) را وارد کنید.),"Umur sabaraha umumna jalma di AS lulus ti universitas? (Pasihkeun angka Arab wungkul (contona, 12).)"
Ni-en-15,Education,English (UK),"At what age do children in your country generally start middle school? (Provide Arabic numerals (e.g., 12) only.)","At what age do children in the US generally start middle school school? (Provide Arabic numerals (e.g., 12) only.)",미국의 아이들은 보통 몇 살에 중학교에 입학하나요? (아라비아 숫자(예: 12)만 기재해 주세요.),美国的孩子通常几岁开始上初中？（只提供阿拉伯数字（例如，12）。）,"¿A qué edad suelen empezar los niños en EE.UU. la educación secundaria? (indica la respuesta con un número (por ejemplo, 12).)","Pada usia berapa anak-anak di AS umumnya mulai bersekolah SMP? (Berikan angka Arab (misalnya, 12) saja.)",در ایالات متحده کودکان معمولاً در چه سنی دوره متوسطه را شروع می‌کنند؟ (فقط اعداد عربی (مثلاً 12) را وارد کنید.),"Dina umur sabaraha murangkalih di AS umumna mimiti asup SMP? (Pasihkeun angka Arab wungkul (contona, 12).)"
Ni-en-17,Work life,English (UK),"How many hours a week does a full-time worker in your country typically work? (Provide Arabic numerals (e.g., 12) only.)","How many hours a week does a full-time worker in the US typically work? (Provide Arabic numerals (e.g., 12) only.)",미국의 전일제 근로자는 일주일에 보통 몇 시간을 일합니까? (아라비아 숫자(예: 12)만 기재해 주세요.),美国的全职工作者通常每周工作多少小时？（只提供阿拉伯数字，例如：12。）,"¿Cuántas horas a la semana trabaja normalmente un trabajador a tiempo completo en EE.UU.? (Proporciona la respuesta en números, por ejemplo, 12).","Berapa jam dalam seminggu seorang pekerja penuh waktu di AS biasanya bekerja? (Berikan hanya angka Arab (misalnya, 12).)",یک کارگر تمام وقت در آمریکا معمولاً چند ساعت در هفته کار می‌کند؟ (فقط اعداد عربی (مثلاً 12) را وارد کنید.),"Sabaraha jam saminggu pagawé full-time di AS biasana digawé? (Pasihkeun angka Arab wungkul (contona, 12).)"
Ni-en-19,Work life,English (UK),How many days a week does a full-time worker work in your country? (Provide Arabic numerals (0~7) only.),How many days a week does a full-time worker work in the US? (Provide Arabic numerals (0~7) only.),미국에서 전일제 근로자는 일주일에 며칠을 일합니까? (아라비아 숫자 (0~7)만 기재하세요.),在美国，一个全职工作者一周工作几天？（只提供阿拉伯数字（0~7））。,¿Cuántos días a la semana trabaja un trabajador a tiempo completo en EE.UU.? (Proporcione solo números arábigos (0~7).),Berapa hari dalam seminggu seorang pekerja penuh waktu bekerja di AS? (Berikan hanya angka Arab (0~7) saja.),یک کارمند تمام وقت در آمریکا چند روز در هفته کار می‌کند؟ (فقط اعداد عربی (0 تا 7) را وارد کنید.),Sabaraha dinten saminggu pagawé full-time di AS damel? (Pasihkeun angka Arab (0~7) hungkul.)
Ni-en-20,Work life,English (UK),"At what age do most people start working in your country? (Provide Arabic numerals (e.g., 12) only.)","At what age do most people start working in the US? (Provide Arabic numerals (e.g., 12) only.)",미국에서 대부분의 사람들은 몇 살에 일을 시작하나요? (아라비아 숫자(예: 12)만 기재해 주세요.),在美国，大多数人开始工作的年龄是多少？（只提供阿拉伯数字（例如，12）。）,"¿A qué edad comienza a trabajar la mayoría de la gente en EE.UU.? (Proporciona la respuesta en números, por ejemplo, 12.)","Pada usia berapa kebanyakan orang mulai bekerja di AS? (Berikan angka Arab (misalnya, 12) saja.)",در چه سنی اکثر مردم در آمریکا شروع به کار می‌کنند؟ (فقط اعداد عربی (مثلاً 12) را وارد کنید.),"Di umur sabaraha umumna jalma mimiti gawé di AS? (Pasihkeun angka Arab wungkul (contona, 12).)"
Ni-en-21,Work life,English (UK),"From what age is an individual allowed to work in your country? (Provide Arabic numerals (e.g., 12) only.)","From what age is an individual allowed to work in the US? (Provide Arabic numerals (e.g., 12) only.)",미국에서는 몇 살부터 일을 할 수 있나요? (아라비아 숫자(예: 12)만 기재해 주세요.),在美国，个人从多大年龄开始可以工作？（只提供阿拉伯数字（例如，12）。）,"¿A partir de qué edad se permite trabajar a una persona en EE.UU.? (Proporciona la respuesta en números, por ejemplo, 12).","Mulai umur berapa seseorang diizinkan untuk bekerja di AS? (Hanya berikan angka Arab (contoh, 12) saja.)",از چه سنی فرد مجاز به کار کردن در آمریکا است؟ (فقط اعداد عربی (مثلاً 12) را وارد کنید.),"Ti umur sabaraha hiji jalma diidinan gawé di AS? (Pasihkeun angka Arab wungkul (contona, 12).)"
Ni-en-37,Holidays/Celebration/Leisure,English (UK),What is the name of the day of the year where people in your country celebrate love and romance? ,What is the name of the day of the year where people in the US celebrate love and romance? ,미국에서 사랑과 로맨스에 관련된 기념일의 이름은 무엇인가요?,美国人在一年中庆祝爱情和浪漫的那一天叫什么名字？,¿Cómo se llama el día del año en el que la gente en EE. UU. celebra el amor y el romanticismo?,Apa nama hari dalam setahun di mana orang-orang di AS merayakan cinta dan romansa?,نام روزی از سال که مردم در آمریکا عشق و رمانتیک را جشن می‌گیرند چیست؟,Naon ngaran dinten di mana jalma-jalma di AS ngagungkeun cinta jeung romansa?
Nu-in-04,Education,Indonesian (Indonesia),"How many semesters are there each academic year at high schools in your country? (Provide in Arabic numerals (e.g., 7, 8) only.)","How many semesters are there each academic year at high schools in the US? (Provide in Arabic numerals (e.g., 7, 8) only.)","미국 고등학교에는 1년에 몇 학기가 있나요? (아라비아 숫자(예: 7, 8)만 기재하십시오.)",美国高中每个学年有多少个学期？（只提供阿拉伯数字，例如：7、8。）,"¿Cuántos semestres hay en cada año académico en los institutos de secundaria en EE. UU.? (Proporciona la respuesta en números (p. ej., 7, 8).)","Ada berapa semester dalam satu tahun ajaran di sekolah menengah atas di AS? (Berikan dalam angka Arab (contoh, 7, 8) saja.)",در آمریکا در هر سال تحصیلی دبیرستان‌ها چند ترم وجود دارد؟ (فقط به اعداد عربی (مثلاً 7، 8) پاسخ دهید.),"Sabaraha semester nu aya dina unggal taun akademik di SMA di AS? (Pasihkeun ngan ukur angka Arab (contona, 7, 8).)"
Nu-in-05,Education,Indonesian (Indonesia),In which month does the new school year typically begin in your country? (Provide Arabic numerals (1~12) only.),In which month does the new school year typically begin in the US? (Provide Arabic numerals (1~12) only.),미국에서 새 학년은 보통 몇 월에 시작하나요? (아라비아 숫자(1~12)만 기재해 주세요.),在美国，新的学年通常是在哪个月开始的？（只提供阿拉伯数字（1~12））。,¿En qué mes suele comenzar el nuevo año escolar en EE.UU.? (Proporciona la respuesta en números(1~12).),Pada bulan apa tahun ajaran baru biasanya dimulai di AS? (Berikan hanya angka Arab (1~12).),در آمریکا معمولاً ماه تحصیلی جدید در چه ماهی شروع می‌شود؟ (فقط اعداد عربی (1 تا 12) را ارائه دهید.),Dina sasih sabaraha biasana taun ajaran anyar di AS dimimitian? (Pasihkeun nomer Arab (1~12) wungkul.)
Nu-in-06,Education,Indonesian (Indonesia),"When is National Teacher's Day commemorated in your country? (Provide in MM/DD format (e.g., 12/31).)","When is National Teacher's Day commemorated in the US? (Provide in MM/DD format (e.g., 12/31).)",미국의 스승의 날은 언제인가요? (MM/DD 형식(예: 12/31)으로 제공하세요.),美国的教师节是哪天纪念的？（请以MM/DD格式提供，例如：12/31。）,"¿Cuándo se conmemora el Día Nacional del Docente en EE.UU.? (Indicar en formato MM/DD, por ejemplo, 12/31).","Kapan Hari Guru Nasional diperingati di AS? (Berikan dalam format BB/TT (contoh, 12/31).)",در آمریکا روز ملی معلم چه تاریخی است؟ (با فرمت MM/DD ارائه شود (مثلاً 12/31).),"Iraha Dinten Guru Nasional dirayakeun di AS? (Pasihkeun dina format MM/DD (contona, 12/31).)"
Nu-in-11,Education,Indonesian (Indonesia),"At what time does elementary school start in your country? (Provide in HH:MM format (e.g., 18:00, 09:00).)","At what time does elementary school start in the US? (Provide in HH:MM format (e.g., 18:00, 09:00).)","미국의 초등학교는 주로 몇 시에 시작하나요? (HH:MM 형식(예: 18:00, 09:00)으로 제공해주세요.)","美国的小学一般几点开始上课？（请以HH:MM格式提供，例如，18:00, 09:00。）","¿A qué hora comienza la escuela primaria en EE.UU.? (Proporcionar en formato HH:MM (por ejemplo, 18:00, 09:00).)","Pukul berapa sekolah dasar dimulai di AS? (Berikan dalam format JJ:MM (contoh, 18:00, 09:00).)",در آمریکا مدرسه ابتدایی از چه ساعتی شروع می‌شود؟ (به فرمت HH:MM ارائه دهید مثلاً 18:00، 09:00).,"Tabuh sabaraha sakola dasar di AS dimimitian? (Pasihan dina format HH:MM (contona, 18:00, 09:00).)"
Nu-in-20,Family,Indonesian (Indonesia),"When is Children's Day celebrated in your country? (Provide in MM/DD format (e.g., 12/31).)","When is Children's Day celebrated in the US? (Provide in MM/DD format (e.g., 12/31).)",미국의 어린이날은 언제인가요? (MM/DD 형식(예: 12/31)으로 제공하세요.),美国的儿童节是哪天庆祝的？（请以MM/DD格式提供，例如12/31。）,"¿Cuándo se celebra el Día del Niño en EE.UU.? (Indica en formato MM/DD, por ejemplo, 12/31).","Kapan Hari Anak dirayakan di AS? (Berikan dalam format MM/DD (contoh, 12/31).)",در آمریکا روز کودک چه زمانی جشن گرفته می‌شود؟ (با فرمت MM/DD ارائه دهید (مثلاً 12/31).),"Iraha Dinten Budak dirayakeun di AS? (Pasihkeun dina format MM/DD (contona, 12/31).)"
Nu-in-40,Work life,Indonesian (Indonesia),Which city is the main destination for job seekers in your country?,Which city is the main destination for job seekers in the US?,미국에서 사람들은 취업을 위해 주로 어느 도시로 가나요?,在美国，哪个城市是求职者的主要目的地？,¿Cuál es la ciudad principal destino de los buscadores de empleo en EE.UU.?,Kota mana yang merupakan tujuan utama para pencari kerja di AS?,کدام شهر مقصد اصلی جویندگان کار در آمریکا است؟,Kota mana nu jadi tujuan utama jalma-jalma nu neangan gawe di AS?
Sa-en-1,Food,English (UK),What is your country's most popular fast food chain?,What is the US's most popular fast food chain?,미국에서 가장 인기 있는 패스트푸드 체인점은 무엇입니까?,美国最受欢迎的快餐连锁店是哪家？,¿Cuál es la cadena de comida rápida más popular de Estados Unidos?,Apa rantai makanan cepat saji yang paling populer di AS?,محبوب‌ترین زنجیره رستوران‌های فست فود در آمریکا کدام است؟,Naon kadaharan gancang saji nu pang populérna ti AS?
Sa-en-13,Food,English (UK),What is the food that is most divisive (either love or hate) in your country?,What is the food that is most divisive (either love or hate) in the US?,미국에서 가장 호불호가 갈리는 음식은 무엇인가요?,在美国最具有分歧性的食物（要么喜欢要么讨厌）是什么？,¿Cuál es la comida que más divide (o se ama o se odia) en EE.UU.?,Apa makanan yang paling memecah belah (entah itu disukai atau dibenci) di AS?,غذایی که در آمریکا بیشترین اختلاف نظر (یا عشق یا نفرت) را دارد چیست؟,Naon kadaharan nu pang ngabagi opini (dipikaresep atawa dipikaijid) di AS?
Sa-en-16,Sport,English (UK),What is the most popular soccer team among the people from your country?,What is the most popular soccer team among the people from the US?,미국 사람들 사이에서 가장 인기 있는 축구 팀은 어디인가요?,在美国人中最受欢迎的足球队是哪一支？,¿Cuál es el equipo de fútbol más popular entre la gente de Estados Unidos?,Apa tim sepak bola paling populer di kalangan masyarakat AS?,درآمریکا محبوب‌ترین تیم فوتبال بین مردم کدام است؟,Naon tim bola sepak nu pang populerna di kalangan urang AS?
Sa-en-22,Sport,English (UK),What is the most famous university in your country known for its sports team?,What is the most famous university in the US known for its sports team?,스포츠팀으로 가장 유명한 미국의 대학은 어디인가요?,美国最有名的大学，以其体育队伍而闻名的是哪所？,¿Cuál es la universidad más famosa de EE.UU. conocida por su equipo deportivo?,Apa universitas paling terkenal di AS yang dikenal dengan tim olahraganya?,در آمریکا معروف‌ترین دانشگاه به خاطر تیم ورزشی‌اش به چه نامی شناخته می‌شود؟,Naon universitas nu pang kasohor di AS nu kawentar ku tim olahragana?
Sa-en-31,Family,English (UK),What is your country's most popular family pet?,What is the US's most popular family pet?,미국에서 가장 인기 있는 반려동물은 무엇인가요?,美国最受欢迎的家庭宠物是什么？,¿Cuál es la mascota familiar más popular de Estados Unidos?,Apa hewan peliharaan keluarga yang paling populer di AS?,در آمریکا محبوب‌ترین حیوان خانگی خانواده‌ها چیست؟,Naon piaraan kulawarga nu pangpopulerna di AS?
Sa-en-32,Family,English (UK),What is the most popular family TV show in your country?,What is the most popular family TV show in the US?,미국에서 가장 인기 있는 가족 TV 프로그램은 무엇인가요?,美国最受欢迎的家庭电视节目是什么？,¿Cuál es el programa de televisión familiar más popular en EE. UU.?,Apa acara TV keluarga yang paling populer di AS?,در آمریکا محبوب‌ترین برنامه تلویزیونی خانوادگی چیست؟,Naon acara TV kulawarga nu pang populerna di AS?
Sa-en-37,Family,English (UK),What is the most popular family boardgame in your country?,What is the most popular family boardgame in the US?,미국의 가정에서 가장 인기 있는 보드게임은 무엇인가요?,在美国最受欢迎的家庭桌游是什么？,¿Cuál es el juego de mesa familiar más popular en EE. UU.?,Apa permainan papan keluarga yang paling populer di AS?,در آمریکا محبوب‌ترین بازی تخته‌ای خانوادگی چیست؟,Naon kaulinan papan anu pang populerna di kulawarga AS?
Sa-en-6,Food,English (UK),What is the most popular takeaway food in your country?,What is the most popular takeaway food in the US?,미국에서 가장 인기 있는 테이크아웃 음식은 무엇입니까?,在美国最受欢迎的外卖食物是什么？,¿Cuál es la comida para llevar más popular en EE. UU.?,Apa makanan bawa pulang yang paling populer di AS?,محبوب‌ترین غذای بیرون‌بر در آمریکا چیست؟,Naon kadaharan bungkusan nu pang populerna di AS?
Sa-en-7,Food,English (UK),What are popular snacks in your country?,What are popular snacks in the US?,미국에서 인기 있는 간식은 무엇인가요?,在美国有哪些受欢迎的小吃？,¿Cuáles son los aperitivos populares en EE.UU.?,Apa saja camilan populer di AS?,چه تنقلاتی در آمریکا محبوب هستند؟,Naon jajanan populér di AS?
Sa-en-9,Food,English (UK),What do people from your country eat at the beach?,What do people from the US eat at the beach?,미국 사람들은 해변에서 무엇을 먹나요?,美国人在海滩上吃什么？,¿Qué comen las personas de EE. UU. en la playa?,Apa yang biasanya orang Amerika makan di pantai?,مردم در آمریکا در ساحل چه چیزی می‌خورند؟,Naon nu didahar ku urang AS di basisir?
Ta-pe-10,Family,Persian (Iran),"At what age do men usually get married in your country? (Provide Arabic numerals (e.g., 20) only.)","At what age do men usually get married in the US? (Provide Arabic numerals (e.g., 20) only.)",미국의 남성들은 보통 몇 살에 결혼하나요? (아라비아 숫자(예: 20)만 기재해주세요.),在美国，男性通常在多大年龄结婚？（只提供阿拉伯数字（例如，20）。）,"¿A qué edad suelen casarse los hombres en EE.UU.? (Proporciona la respuesta en números, por ejemplo, 20).","Pada usia berapa biasanya pria menikah di AS? (Berikan angka Arab (misalnya, 20) saja.)",در آمریکا مردان معمولاً در چه سنی ازدواج می‌کنند؟ (فقط اعداد عربی (مثلاً 20) را ارائه دهید.),"Di umur sabaraha biasana lalaki nikah di AS? (Pasihkeun angka Arab wungkul (contona, 20).)"
Ta-pe-11,Family,Persian (Iran),"At what age do women usually get married in your country? (Provide Arabic numerals (e.g., 20) only.)","At what age do women usually get married in the US? (Provide Arabic numerals (e.g., 20) only.)",미국의 여성들은 보통 몇 살에 결혼하나요? (아라비아 숫자(예: 20)만 기재해주세요.),在美国，女性通常在多大年龄结婚？（只提供阿拉伯数字（例如，20）。）,"¿A qué edad suelen casarse las mujeres en EE.UU.? (Proporciona la respuesta en números, por ejemplo, 20).","Pada usia berapa biasanya wanita menikah di AS? (Berikan angka Arab (misalnya, 20) saja.)",در آمریکا زنان معمولاً در چه سنی ازدواج می‌کنند؟ (فقط اعداد عربی (مثلاً 20) را وارد کنید.),"Di umur sabaraha biasana awéwé nikah di AS? (Pasihkeun angka Arab wungkul (contona, 20).)"
Ta-pe-13,Family,Persian (Iran),"In your parents' generation, what was the average number of members in their family in your country? (Provide Arabic numerals (e.g., 20) only.)","In your parents' generation, what was the average number of members in their family in the US? (Provide Arabic numerals (e.g., 20) only.)","당신의 부모님 세대에서, 미국의 평균적인 가족 구성원의 수는 얼마였나요? (아라비아 숫자(예: 20)만 제공해 주세요.)",在你父母那一代，美国家庭平均有多少成员？（只提供阿拉伯数字，例如：20。）,"En la generación de tus padres, ¿cuál era el número medio de miembros en sus familias en EE.UU.? (Proporciona la respuesta en números, por ejemplo, 20.)","Pada generasi orang tua Anda, berapa rata-rata jumlah anggota keluarga mereka di AS? (Hanya berikan angka Arab (misalnya, 20).)",در ایالات متحده در نسل والدین شما، میانگین تعداد اعضای خانواده‌ها چند نفر بوده است؟ (فقط عدد عربی (مثلاً 20) ارائه دهید.),"Di generasi kolot anjeun, sabaraha rata-rata jumlah anggota kulawarga di AS? (Pasihkeun angka Arab (contona, 20) hungkul.))"
Ta-pe-17,Sport,Persian (Iran),"In the Olympic Games, which sport is the most popular in your country?","In the Olympic Games, which sport is the most popular in the US?",올림픽 종목 중에서 미국에서 가장 인기 있는 스포츠는 무엇인가요?,在奥运会中，哪项运动是美国最受欢迎的？,"En los Juegos Olímpicos, ¿cuál es el deporte más popular en EE. UU.?","Dalam Olimpiade, olahraga mana yang paling populer di AS?",در بازی‌های المپیک، کدام ورزش در آمریکا محبوب‌ترین است؟,"Dina Olimpiade, olahraga naon nu pang populerna di AS?"
Ta-pe-21,Sport,Persian (Iran),Where do children usually play soccer in your country?,Where do children usually play soccer in the US?,미국에서 아이들은 보통 어디에서 축구를 하나요?,在美国，孩子们通常在哪里踢足球？,¿Dónde suelen jugar al fútbol los niños en EE. UU.?,Di mana biasanya anak-anak bermain sepak bola di AS?,در آمریکا بچه‌ها معمولاً کجا فوتبال بازی می‌کنند؟,Di mana anak-anak biasana maén sepak bola di AS?
Ta-pe-22,Sport,Persian (Iran),Which daily exercise is popular among women in your country?,Which daily exercise is popular among women in the US?,미국 여성들이 일상적으로 많이 하는 운동은 무엇인가요?,在美国，哪种日常锻炼在女性中很受欢迎？,¿Qué ejercicio diario es popular entre las mujeres en EE.UU.?,Olahraga harian apa yang populer di kalangan wanita di AS?,در آمریکا کدام تمرین روزانه بین زنان محبوب است؟,Olahraga sapopoé naon nu populér di kalangan awéwé di AS?
Ta-pe-23,Sport,Persian (Iran),Which daily exercise is popular among men in your country?,Which daily exercise is popular among men in the US?,미국 남성들이 일상적으로 많이 하는 운동은 무엇인가요?,在美国，男性中哪种日常锻炼很受欢迎？,¿Qué ejercicio diario es popular entre los hombres en EE. UU.?,Olahraga harian apa yang populer di kalangan pria di AS?,در آمریکا کدام تمرین روزانه بین مردان محبوب است؟,Olahraga sapopoé naon nu populér di kalangan lalaki di AS?
Ta-pe-25,Sport,Persian (Iran),"What is the most famous rivalry in a national sports league in your country? (e.g., ___ vs ___)","What is the most famous rivalry in a national sports league in the US? (e.g., ___ vs ___)",미국 국내 스포츠 리그에서 가장 유명한 라이벌 관계는 무엇인가요? (예: ___ 대 ___),美国国内体育联赛中最著名的对抗是什么？（例如，___ 对 ___）,"¿Cuál es la rivalidad más famosa en una liga deportiva nacional en EE. UU.? (p. ej., ___ contra ___)","Apa persaingan paling terkenal di liga olahraga nasional di AS? (misalnya, ___ vs ___)",در آمریکا معروف‌ترین رقابت در یک لیگ ورزشی ملی چیست؟ (به عنوان مثال، ___ در مقابل ___),"Naon pasaingan nu pang kasohor di liga olahraga nasional di AS? (contona, ___ lawan ___)"
Ta-pe-29,Sport,Persian (Iran),Which professional sport is the highest paying in your country?,Which professional sport is the highest paying in the US?,미국에서 가장 수입이 높은 프로 스포츠는 무엇인가요?,在美国，哪项职业体育运动的薪酬最高？,¿Cuál es el deporte profesional mejor pagado en EE.UU.?,Olahraga profesional apa yang memiliki bayaran tertinggi di AS?,درآمریکا کدام ورزش حرفه‌ای پردرآمدترین است؟,Olahraga profésional naon nu panghasilanana pang gedéna di AS?
Ta-pe-30,Sport,Persian (Iran),What is/was the most popular sports-related TV program in your country?,What is/was the most popular sports-related TV program in the US?,미국에서 가장 인기 있는/있었던 스포츠 관련 TV 프로그램은 무엇인가요?,在美国，最受欢迎的体育相关电视节目是什么？,¿Cuál es/era el programa de televisión relacionado con el deporte más popular en EE. UU.?,Apa acara TV tentang olahraga yang paling populer di AS?,در آمریکا محبوب‌ترین برنامه تلویزیونی ورزشی چه برنامه‌ای است/بوده است؟,Naon acara olahraga di TV nu pang populerna di AS?
Ta-pe-32,Holidays/Celebration/Leisure,Persian (Iran),What day of the year is usually dedicated to fireworks in your country?,What day of the year is usually dedicated to fireworks in the US?,미국에서 보통 어떤 날에 불꽃놀이를 하나요?,美国通常在一年中的哪一天放烟花？,¿Qué día del año se suele dedicar a los fuegos artificiales en EE. UU.?,Hari apa dalam setahun yang biasanya didedikasikan untuk kembang api di AS?,در آمریکا کدام روز از سال معمولاً به آتش‌بازی اختصاص دارد؟,Poé naon dina sataun nu biasana didékasikeun pikeun kembang api di AS?
Ta-pe-37,Holidays/Celebration/Leisure,Persian (Iran),What is the common symbol of New Year's Eve that is usually found in your country?,What is the common symbol of New Year's Eve that is usually found in the US?,미국에서 새해 전날(12/31) 하면 떠오르는 상징물은 무엇인가요?,在美国，通常在除夕会有什么常见的象征?,¿Cuál es el símbolo común de Nochevieja que suele encontrarse en EE. UU.?,Apa simbol umum dari Malam Tahun Baru yang biasanya ditemukan di AS?,نماد معمول شب سال نو که معمولاً در ایالات متحده یافت می‌شود، چیست؟,Naon simbol umum Taun Baru anu biasana dipanggihan di AS?
Ta-pe-42,Holidays/Celebration/Leisure,Persian (Iran),What food do people from your country usually eat on New Year's Eve?,What food do people from the US usually eat on New Year's Eve?,미국 사람들은 보통 새해 전날에 무슨 음식을 먹나요?,美国人在除夕通常吃什么食物？,¿Qué comida suelen comer las personas de EE. UU. en Nochevieja?,Makanan apa yang biasanya dimakan oleh orang-orang AS di Malam Tahun Baru?,مردم در آمریکا معمولاً در شب سال نو چه غذایی می‌خورند؟,Naon kadaharan anu biasa didahar ku urang AS dina wengi Taun Anyar?
Ta-pe-45,Holidays/Celebration/Leisure,Persian (Iran),What is usually eaten during the celebration of the longest night of the year in your country?,What is usually eaten during the celebration of the longest night of the year in the US?,미국에서는 가장 긴 밤의 축제 동안 주로 어떤 음식을 먹나요?,在美国一年中最长的夜晚庆祝活动中通常吃些什么？,¿Qué se suele comer durante la celebración de la noche más larga del año en EE.UU.?,Apa yang biasanya dimakan selama perayaan malam terpanjang dalam setahun di AS?,معمولاً در جشن طولانی‌ترین شب سال در آمریکا چه چیزی خورده می‌شود؟,Naon nu biasana didahar nalika ngarayakeun peuting pang panjangna dina sataun di AS?
Th-en-01,Sport,English (US),What is the most popular summer sport in your country?,What is the most popular summer sport in the US?,미국에서 가장 인기 있는 여름 스포츠는 무엇인가요?,美国最受欢迎的夏季运动是什么？,¿Cuál es el deporte de verano más popular en EE. UU.?,Apa olahraga musim panas yang paling populer di AS?,درآمریکا محبوب‌ترین ورزش تابستانی چیست؟,Naon olahraga usum panas nu pang populerna di AS?
Th-en-03,Sport,English (US),What is the most popular professional sports league in your country?,What is the most popular professional sports league in the US?,미국에서 가장 인기 있는 프로 스포츠 리그는 무엇인가요?,美国最受欢迎的职业体育联赛是哪一个？,¿Cuál es la liga profesional de deportes más popular en EE.UU.?,Apa liga olahraga profesional paling populer di AS?,درآمریکا محبوب‌ترین لیگ ورزشی حرفه‌ای چیست؟,Naon liga olahraga profésional nu pang populérna di AS?
Th-en-05,Sport,English (US),What is the most popular women's sports team in your country?,What is the most popular women's sports team in the US?,미국에서 가장 인기 있는 여자 스포츠 팀은 어디인가요?,美国最受欢迎的女子运动队是哪一支？,¿Cuál es el equipo de deporte femenino más popular en EE. UU.?,Apa tim olahraga wanita paling populer di AS?,درآمریکا محبوب‌ترین تیم ورزشی زنان کدام است؟,Naon tim olahraga awéwé nu pang populérna di AS?
Th-en-09,Sport,English (US),What is the most popular tournament in your country?,What is the most popular tournament in the US?,미국에서 가장 인기 있는 스포츠 토너먼트는 무엇인가요?,美国最受欢迎的比赛是什么？,¿Cuál es el torneo más popular en EE.UU.?,Apa turnamen paling populer di AS?,درآمریکا محبوب‌ترین تورنمنت چیست؟,Naon turnamén nu pang populerna di AS?
Th-en-11,Sport,English (US),Who is the most popular sportperson in your country?,Who is the most popular sportperson in the US?,미국에서 가장 인기 있는 스포츠 선수는 누구인가요?,谁是美国最受欢迎的运动员？,¿Quién es el deportista más popular en EE.UU.?,Siapa olahragawan/olahragawati yang paling populer di AS?,در آمریکا محبوب‌ترین ورزشکار چه کسی است؟,Saha atlit nu pang populerna di AS?
Th-en-12,Sport,English (US),In which sport has your country been most successful in international competitions?,In which sport has the US been most successful in international competitions?,미국이 국제 대회에서 가장 성공적인 결과를 내는 스포츠는 무엇인가요?,美国在哪项运动中在国际比赛中最成功？,¿En qué deporte ha tenido Estados Unidos más éxito en competiciones internacionales?,Dalam olahraga apa AS paling sukses di kompetisi internasional?,در ایالات متحده کدام ورزش در مسابقات بین‌المللی بیشترین موفقیت را کسب کرده است؟,Dina olahraga naon AS pang suksésna di kompetisi internasional?
Th-en-15,Sport,English (US),What is the most popular winter sport in your country?,What is the most popular winter sport in the US?,미국에서 가장 인기 있는 겨울 스포츠는 무엇인가요?,美国最受欢迎的冬季运动是什么？,¿Cuál es el deporte de invierno más popular en EE. UU.?,Apa olahraga musim dingin yang paling populer di AS?,درآمریکا محبوب‌ترین ورزش زمستانی چیست؟,Naon olahraga usum salju nu pangpopulerna di AS?
Th-en-19,Work life,English (US),What is a city or region in your country known for manufacturing industry?,What is a city or region in the US known for manufacturing industry?,제조업으로 유명한 미국의 도시나 지역은 어디인가요?,美国有哪些以制造业闻名的城市或地区？,¿Cuál es una ciudad o región en EE. UU. conocida por la industria manufacturera?,Apa nama kota atau daerah di AS yang terkenal dengan industri manufaktur?,کدام شهر یا منطقه در آمریکا به صنعت تولیدی معروف است؟,Naon kota atanapi wewengkon di AS anu kasohor ku industri pabrik?
Th-en-21,Work life,English (US),What is regarded as the most important perk typically offered to employees in your country?,What is regarded as the most important perk typically offered to employees in the US?,미국에서 일반적으로 직원들에게 제공되는 혜택 중 가장 중요하게 여겨지는 것은 무엇인가요?,在美国，通常认为给员工提供的最重要的福利是什么？,¿Cuál se considera el beneficio más importante que se ofrece típicamente a los empleados en EE. UU.?,Apa yang dianggap sebagai keuntungan paling penting yang biasanya ditawarkan kepada karyawan di AS?,در ایالات متحده مهم‌ ترین مزیتی که معمولاً به کارمندان ارائه می‌شود، چیست؟,Naon nu dianggap minangka kauntungan pang pentingna nu biasana ditawarkeun ka karyawan di AS?
Th-en-22,Work life,English (US),What was the most catastrophic economic period for your country?,What was the most catastrophic economic period for the US?,미국 역사상 최악의 경제 위기는 언제였나요?,美国最灾难性的经济时期是哪一个？,¿Cuál fue el período económico más catastrófico para EE.UU.?,Apa periode ekonomi paling kritis bagi AS?,بدترین دوره اقتصادی برای آمریکا چه زمانی بود؟,Naon periode ékonomi anu pang kacida awonna pikeun AS?
Th-en-24,Work life,English (US),What region in your country is a major hub for tech workers and start ups?,What region in the US is a major hub for tech workers and start ups?,미국에서 개발자와 스타트업이 많은 지역은 어디입니까?,美国的哪个地区是科技工作者和初创企业的主要集中地？,¿Qué región de EE. UU. es un importante centro para trabajadores tecnológicos y start-ups?,Wilayah mana di AS yang merupakan pusat utama untuk pekerja teknologi dan start up?,کدام منطقه در آمریکا مرکز عمده‌ای برای کارکنان فناوری و استارت‌آپ‌ها است؟,Wilayah mana di AS nu jadi pusat utama pikeun pagawé téknologi jeung rintisan?
Th-en-27,Work life,English (US),What is the most important industry in your country?,What is the most important industry in the US?,미국에서 가장 중요한 산업은 무엇입니까?,美国最重要的产业是什么？,¿Cuál es la industria más importante de EE.UU.?,Apa industri paling penting di AS?,مهم‌ترین صنعت در آمریکا چیست؟,Naon industri anu pang pentingna di AS?
Th-en-35,Family,English (US),"Which one of the daily meals is commonly shared with family members in your country? (e.g., breakfast, lunch, dinner)","Which one of the daily meals is commonly shared with family members in the US? (e.g., breakfast, lunch, dinner)","미국에서 가족 구성원들과 함께하는 일상적인 식사는 주로 언제 이뤄지나요? (예: 아침, 점심, 저녁)",在美国，通常哪一顿日常餐会与家人共享？（例如，早餐、午餐、晚餐）,"¿Cuál de las comidas diarias se comparte habitualmente con los miembros de la familia en EE. UU.? (p. ej., desayuno, almuerzo, cena)","Makanan sehari-hari mana yang biasanya disantap bersama anggota keluarga di AS? (misalnya, sarapan, makan siang, makan malam)",در آمریکا کدام یک از وعده‌های غذایی روزانه معمولاً با اعضای خانواده به اشتراک گذاشته می‌شود؟ (مثلاً صبحانه، ناهار، شام),"Waktos dahar mana nu umumna dilakukeun babarengan sareng anggota kulawarga di AS? (contona, nyarap, dahar beurang, dahar peuting)"
Th-en-36,Family,English (US),What is a popular family activity with a child to do on weekends in your country?,What is a popular family activity with a child to do on weekends in the US?,미국에서 주말에 아이와 함께하는 인기 있는 가족 활동은 무엇인가요?,在美国，周末和孩子一起做的一项受欢迎的家庭活动是什么？,¿Cuál es una actividad familiar popular para hacer con un niño los fines de semana en EE.UU.?,Apa kegiatan keluarga yang populer untuk dilakukan bersama anak pada akhir pekan di AS?,در آمریکا یک فعالیت خانوادگی محبوب با فرزند برای انجام دادن در آخر هفته‌ها چیست؟,Naon kagiatan kulawarga anu populer dipigawe babarengan jeung budak pikeun dilakukeun dina ahir minggu di AS?
Th-en-37,Family,English (US),"At what age do children typically become independent from their parents in your country? (Provide Arabic numerals (e.g., 12) only.)","At what age do children typically become independent from their parents in the US? (Provide Arabic numerals (e.g., 12) only.)",미국에서 사람들이 보통 부모로부터 독립하는 나이는 몇 살인가요? (아라비아 숫자(예: 12)만 기재해주세요.),在美国，孩子们通常在多大年龄从父母那里独立出来？（只提供阿拉伯数字（例如，12）。）,"¿A qué edad suelen los niños independizarse de sus padres en EE.UU.? (Proporciona la respuesta en números, por ejemplo, 12).","Pada usia berapa biasanya anak-anak di AS menjadi mandiri dari orang tua mereka? (Hanya berikan angka Arab (misalnya, 12).)",در آمریکا در چه سنی فرزندان معمولاً از والدین خود مستقل می‌شوند؟ (فقط اعداد عربی (مثلاً 12) را وارد کنید.),"Dina umur sabaraha biasana barudak di AS mandiri ti kolotna? (Pasihkeun angka Arab wungkul (contona, 12).)"
Th-en-38,Family,English (US),What is the most important family holiday in your country?,What is the most important family holiday in the US?,미국에서 가장 중요한 가족 공휴일은 무엇인가요?,美国最重要的家庭节日是什么？,¿Cuál es la festividad familiar más importante en EE.UU.?,Apa hari libur keluarga yang paling penting di AS?,در آمریکا مهم‌ترین تعطیلی خانوادگی چیست؟,Naon liburan kulawarga anu pang pentingna di AS?
Th-en-39,Family,English (US),What is a popular family game in your country?,What is a popular family game in the US?,미국에서 가족과 함께 하는 게임 중 가장 인기 있는 게임은 무엇인가요?,在美国有什么受欢迎的家庭游戏？,¿Cuál es un juego de familia popular en EE.UU.?,Apa permainan keluarga yang populer di AS?,در آمریکا یک بازی خانوادگی محبوب چیست؟,Naon kaulinan kulawarga anu populer di AS?
Th-en-41,Family,English (US),"What is the average age for couples to have their first child in your country? (Provide Arabic numerals (e.g., 20) only.)","What is the average age for couples to have their first child in the US? (Provide Arabic numerals (e.g., 20) only.)",미국에서 부부가 첫 아이를 갖는 평균 연령은 몇 살인가요? (아라비아 숫자(예: 20)만 기재해 주세요.),在美国，夫妇生第一个孩子的平均年龄是多少？（只提供阿拉伯数字（例如，20）。）,"¿Cuál es la edad media para que las parejas tengan su primer hijo en EE.UU.? (Proporciona la respuesta en números (por ejemplo, 20).)","Berapa usia rata-rata pasangan di AS untuk memiliki anak pertama mereka? (Hanya berikan angka Arab (misalnya, 20).)",درآمریکا میانگین سنی زوج‌ها برای داشتن اولین فرزند چقدر است؟ (فقط اعداد عربی (مثلاً 20) ارائه دهید.),"Sabaraha umur rata-rata pasangan di AS pikeun gaduh anak kahiji? (Pasihkeun angka Arab wungkul (contona, 20).)"
Th-en-43,Family,English (US),"How many cars are owned by a typical family in your country? (Provide Arabic numerals (e.g., 12) only.)","How many cars are owned by a typical family in the US? (Provide Arabic numerals (e.g., 12) only.)",미국의 전형적인 가정이 소유한 자동차는 몇 대인가요? (아라비아 숫자(예: 12)만 기재해주세요.),在美国，一个典型家庭拥有多少辆汽车？（只提供阿拉伯数字，例如：12。）,"¿Cuántos coches posee una familia típica en EE.UU.? (Proporciona la respuesta en números, por ejemplo, 12.)","Berapa banyak mobil yang dimiliki oleh sebuah keluarga tipikal di AS? (Hanya berikan angka Arab (contoh, 12).)",درآمریکا یک خانواده معمولی چند ماشین دارد؟ (فقط اعداد عربی (مثلاً 12) را وارد کنید.),"Sabaraha mobil anu dipiboga ku kulawarga nu umum di AS? (Pasihkeun angka Arab wungkul (contona, 12).)"
Th-en-44,Family,English (US),What is your country's most popular food for family meals on weekends?,What is the US's most popular food for family meals on weekends?,미국에서 주말 가족 식사로 주로 먹는 음식은 무엇인가요?,在周末家庭聚餐中，美国最受欢迎的食物是什么？,¿Cuál es la comida más popular en Estados Unidos para las comidas familiares de los fines de semana?,Apa makanan paling populer di AS untuk makan malam keluarga di akhir pekan?,درآمریکا محبوب‌ ترین غذا برای وعده‌های غذایی خانوادگی در آخر هفته‌ها چیست؟,Naon kadaharan pang populerna di AS pikeun dahareun kulawarga dina ahir minggu?
Th-en-45,Family,English (US),What is the most popular weekday evening family activity in your country?,What is the most popular weekday evening family activity in the US?,미국에서 평일 저녁에 가족끼리 주로 무엇을 하나요?,在美国，最受欢迎的工作日晚上家庭活动是什么？,¿Cuál es la actividad familiar de tarde entre semana más popular en EE.UU.?,Apa aktivitas keluarga sore hari di hari kerja yang paling populer di AS?,درآمریکا محبوب‌ترین فعالیت خانوادگی عصرهای روز های غیر آخر هفته چیست؟,Naon kagiatan sore kulawarga nu pang populerna di AS?
Th-en-48,Education,English (US),What is the highest grade given to top-achieving high school students on assignments and exams in your country?,What is the highest grade given to top-achieving high school students on assignments and exams in the US?,미국 고등학교에서 과제와 시험의 성적이 우수한 학생들에게 주어지는 최고 등급은 무엇인가요?,在美国，成绩优异的高中生在作业和考试中获得的最高成绩是什么？,¿Cuál es la nota más alta que se otorga a los estudiantes de secundaria con mejores resultados en trabajos y exámenes en EE. UU.?,Apa nilai tertinggi yang diberikan kepada siswa SMA yang berprestasi tinggi pada tugas dan ujian di AS?,در آمریکا بالاترین نمره‌ای که به دانش‌آموزان برتر دبیرستانی در تکالیف و امتحانات داده می‌شود چیست؟,Naon nilai pangluhurna nu dibikeun ka murid SMA nu berprestasi dina tugas jeung ujian di AS?
Th-en-49,Education,English (US),What is considered the most important exam for high school students in your country?,What is considered the most important exam for high school students in the US?,미국의 고등학생들에게 어떤 시험이 가장 중요하게 여겨지나요?,在美国，什么被认为是高中生最重要的考试？,¿Cuál se considera el examen más importante para los estudiantes de secundaria en EE. UU.?,Apa yang dianggap sebagai ujian paling penting bagi siswa SMA di AS?,در آمریکا مهم‌ترین امتحان برای دانش‌آموزان دبیرستانی چه امتحانی است؟,Naon nu dianggap ujian pang pentingna pikeun murid SMA di AS?
Th-en-51,Education,English (US),Which subject is considered the most important for students in your country?,Which subject is considered the most important for students in the US?,미국에서 학생들에게 어떤 과목이 가장 중요하게 여겨지나요?,在美国，哪门学科被认为对学生来说最重要？,¿Qué asignatura se considera la más importante para los estudiantes en EE. UU.?,Mata pelajaran apa yang dianggap paling penting bagi siswa di AS?,در آمریکا کدام درس برای دانش‌آموزان مهم‌ترین تلقی می‌شود؟,Mata pelajaran naon nu dianggap pang pentingna pikeun murid di AS?
Th-en-53,Education,English (US),What is the most popular extracurricular social event at schools in your country?,What is the most popular extracurricular social event at schools in the US?,미국의 학교에서 가장 인기 있는 학교 행사는 무엇인가요?,在美国的学校里，最受欢迎的课外社交活动是什么？,¿Cuál es el evento social extracurricular más popular en los colegios de EE. UU.?,Apa kegiatan ekstrakurikuler sosial yang paling populer di sekolah-sekolah di AS?,در آمریکا محبوب‌ترین رویداد اجتماعی فوق‌برنامه در مدارس چیست؟,Naon kagiatan ékstrakurikuler sosial nu pang populerna di sakola-sakola di AS?
Th-en-58,Education,English (US),What is the most advanced math subject learned before university in your country?,What is the most advanced math subject learned before university in the US?,미국에서 대학교에 진학하기 전 학생들이 배우는 수학 과목 중 가장 어려운 과목은 무엇인가요?,在美国大学之前，学的最高级的数学科目是什么？,¿Cuál es la materia de matemáticas más avanzada que se aprende antes de la universidad en EE. UU.?,Apa mata pelajaran matematika tingkat lanjut terakhir yang dipelajari sebelum universitas di AS?,در آمریکا پیشرفته‌ترین درس ریاضی که قبل از دانشگاه تدریس می‌شود، چیست؟,Naon mata pelajaran matematika anu pang majuna nu diajarkeun saméméh asup ka universitas di AS?
Tmp-ar-01,Education,Arabic (Algeria),Where do university students in your country usually go to study for their final exams?,Where do university students in the US usually go to study for their final exams?,미국의 대학생들은 보통 기말고사 공부를 어디에서 하나요?,美国的大学生通常去哪里复习准备期末考试？,¿Dónde suelen ir los estudiantes universitarios en EE.UU. para estudiar para sus exámenes finales?,Di mana mahasiswa di AS biasanya belajar untuk ujian akhir mereka?,در ایالات متحده دانشجویان دانشگاه معمولاً برای مطالعه برای امتحانات نهایی خود به کجا می‌روند؟,Di mana mahasiswa universitas di AS biasana indit pikeun diajar kanggo ujian ahirna?
Tmp-ar-02,Education,Arabic (Algeria),What is a common public transport that people use to go to university in your country?,What is a common public transport that people use to go to university in the US?,미국에서 대학교에 통학할 때 사람들이 자주 이용하는 대중교통 수단은 무엇인가요?,在美国，人们通常乘坐什么公共交通工具去大学？,¿Cuál es un transporte público común que la gente utiliza para ir a la universidad en EE.UU.?,Apa transportasi umum yang sering digunakan orang untuk pergi ke universitas di AS?,در ایالات متحده یک وسیله حمل و نقل عمومی رایج که مردم برای رفتن به دانشگاه استفاده می‌کنند چیست؟,Naon moda transportasi umum anu ilahar dipaké ku jalma-jalma pikeun indit ka universitas di AS?
Tmp-ar-04,Education,Arabic (Algeria),What do elementary students in your country usually do after school?,What do elementary students in the US usually do after school?,미국의 초등학생들은 방과 후에 보통 무엇을 하나요?,美国的小学生放学后通常做些什么？,¿Qué suelen hacer los estudiantes de primaria en EE. UU. después del colegio?,Apa yang biasanya dilakukan oleh siswa sekolah dasar di AS setelah pulang sekolah?,در آمریکا دانش‌آموزان دبستانی معمولاً بعد از مدرسه چه کارهایی انجام می‌دهند؟,Naon nu biasa dilakukeun ku murid-murid SD di AS saatos sakola?
